date,adj_close_price,ticker
2008-04-01,31787.679688,^MXX
2008-04-02,31467.869141,^MXX
2008-04-03,31689.609375,^MXX
2008-04-04,31545.369141,^MXX
2008-04-05,38863.148438,^MXX
2008-04-06,20147.009766,^MXX
2008-04-07,31715.439453,^MXX
2008-04-08,31726.859375,^MXX
2008-04-09,31417.830078,^MXX
2008-04-10,31649.050781,^MXX
2008-04-11,31302.570312,^MXX
2008-04-12,40655.609375,^MXX
2008-04-13,40859.898438,^MXX
2008-04-14,31192.480469,^MXX
2008-04-15,31375.949219,^MXX
2008-04-16,31910.210938,^MXX
2008-04-17,31785.990234,^MXX
2008-04-18,31795.679688,^MXX
2008-04-19,35025.738281,^MXX
2008-04-20,32626.869141,^MXX
2008-04-21,32095.039062,^MXX
2008-04-22,32039.720703,^MXX
2008-04-23,31847.980469,^MXX
2008-04-24,31746.230469,^MXX
2008-04-25,31009.019531,^MXX
2008-04-26,24899.689453,^MXX
2008-04-27,39355.171875,^MXX
2008-04-28,30623.390625,^MXX
2008-04-29,30270.640625,^MXX
2008-04-30,30281.410156,^MXX
2008-05-01,29295.00,^MXX
2008-05-02,30551.470703,^MXX
2008-05-03,31000.939453,^MXX
2008-05-04,31156.970703,^MXX
2008-05-05,30958.890625,^MXX
2008-05-06,31223.419922,^MXX
2008-05-07,30762.160156,^MXX
2008-05-08,30751.970703,^MXX
2008-05-09,30674.359375,^MXX
2008-05-10,38027.839844,^MXX
2008-05-11,40621.460938,^MXX
2008-05-12,30637.359375,^MXX
2008-05-13,30887.400391,^MXX
2008-05-14,31336.570312,^MXX
2008-05-15,31542.970703,^MXX
2008-05-16,31486.949219,^MXX
2008-05-17,30475.439453,^MXX
2008-05-18,19865.220703,^MXX
2008-05-19,31796.410156,^MXX
2008-05-20,31526.169922,^MXX
2008-05-21,31126.070312,^MXX
2008-05-22,31245.679688,^MXX
2008-05-23,31068.699219,^MXX
2008-05-24,33517.179688,^MXX
2008-05-25,24340.650391,^MXX
2008-05-26,31314.550781,^MXX
2008-05-27,31414.210938,^MXX
2008-05-28,31647.029297,^MXX
2008-05-29,31837.269531,^MXX
2008-05-30,31975.470703,^MXX
2008-05-31,29942.00,^MXX
2008-06-01,44120.988281,^MXX
2008-06-02,31636.210938,^MXX
2008-06-03,31492.640625,^MXX
2008-06-04,31448.109375,^MXX
2008-06-05,31726.009766,^MXX
2008-06-06,31149.060547,^MXX
2008-06-07,32958.890625,^MXX
2008-06-08,21918.599609,^MXX
2008-06-09,30933.439453,^MXX
2008-06-10,30898.869141,^MXX
2008-06-11,30446.240234,^MXX
2008-06-12,30475.439453,^MXX
2008-06-13,30413.480469,^MXX
2008-06-14,37522.300781,^MXX
2008-06-15,40693.46875,^MXX
2008-06-16,30354.179688,^MXX
2008-06-17,29925.269531,^MXX
2008-06-18,29618.109375,^MXX
2008-06-19,29847.849609,^MXX
2008-06-20,29533.439453,^MXX
2008-06-21,33813.160156,^MXX
2008-06-22,32665.560547,^MXX
2008-06-23,29464.539062,^MXX
2008-06-24,29291.609375,^MXX
2008-06-25,29569.439453,^MXX
2008-06-26,29199.939453,^MXX
2008-06-27,29295.00,^MXX
2008-06-28,27084.769531,^MXX
2008-06-29,32448.740234,^MXX
2008-06-30,29395.490234,^MXX
2008-07-01,29221.109375,^MXX
2008-07-02,28680.830078,^MXX
2008-07-03,28465.550781,^MXX
2008-07-04,28338.119141,^MXX
2008-07-05,22582.169922,^MXX
2008-07-06,19368.099609,^MXX
2008-07-07,28383.529297,^MXX
2008-07-08,28551.25,^MXX
2008-07-09,28095.789062,^MXX
2008-07-10,27877.330078,^MXX
2008-07-11,27614.539062,^MXX
2008-07-12,33280.75,^MXX
2008-07-13,32768.078125,^MXX
2008-07-14,27517.109375,^MXX
2008-07-15,27435.800781,^MXX
2008-07-16,27968.820312,^MXX
2008-07-17,28215.859375,^MXX
2008-07-18,28169.769531,^MXX
2008-07-19,29199.939453,^MXX
2008-07-20,40977.320312,^MXX
2008-07-21,27988.470703,^MXX
2008-07-22,27592.240234,^MXX
2008-07-23,27644.75,^MXX
2008-07-24,27644.75,^MXX
2008-07-25,27084.769531,^MXX
2008-07-26,23711.240234,^MXX
2008-07-27,32837.570312,^MXX
2008-07-28,26732.839844,^MXX
2008-07-29,27318.640625,^MXX
2008-07-30,27474.039062,^MXX
2008-07-31,27501.019531,^MXX
2008-08-01,26959.179688,^MXX
2008-08-02,41722.140625,^MXX
2008-08-03,32768.078125,^MXX
2008-08-04,26487.759766,^MXX
2008-08-05,26990.189453,^MXX
2008-08-06,27342.390625,^MXX
2008-08-07,26986.980469,^MXX
2008-08-08,27132.789062,^MXX
2008-08-09,23014.050781,^MXX
2008-08-10,37307.640625,^MXX
2008-08-11,26943.689453,^MXX
2008-08-12,26636.550781,^MXX
2008-08-13,26877.070312,^MXX
2008-08-14,27247.449219,^MXX
2008-08-15,27340.830078,^MXX
2008-08-16,23341.720703,^MXX
2008-08-17,18741.269531,^MXX
2008-08-18,26777.480469,^MXX
2008-08-19,26732.109375,^MXX
2008-08-20,26865.039062,^MXX
2008-08-21,26534.970703,^MXX
2008-08-22,26875.449219,^MXX
2008-08-23,18741.269531,^MXX
2008-08-24,26131.349609,^MXX
2008-08-25,26416.619141,^MXX
2008-08-26,26071.460938,^MXX
2008-08-27,26131.349609,^MXX
2008-08-28,26444.119141,^MXX
2008-08-29,26290.990234,^MXX
2008-08-30,26732.109375,^MXX
2008-08-31,42337.820312,^MXX
2008-09-01,26424.699219,^MXX
2008-09-02,26522.759766,^MXX
2008-09-03,26467.789062,^MXX
2008-09-04,26151.630859,^MXX
2008-09-05,25904.179688,^MXX
2008-09-06,19795.25,^MXX
2008-09-07,34712.378906,^MXX
2008-09-08,26232.560547,^MXX
2008-09-09,25629.789062,^MXX
2008-09-10,25622.910156,^MXX
2008-09-11,25552.490234,^MXX
2008-09-12,25588.410156,^MXX
2008-09-13,36860.679688,^MXX
2008-09-14,24969.169922,^MXX
2008-09-15,24618.150391,^MXX
2008-09-16,35382.558594,^MXX
2008-09-17,23456.839844,^MXX
2008-09-18,24577.900391,^MXX
2008-09-19,25701.029297,^MXX
2008-09-20,39908.898438,^MXX
2008-09-21,21838.960938,^MXX
2008-09-22,25131.910156,^MXX
2008-09-23,24969.169922,^MXX
2008-09-24,24944.25,^MXX
2008-09-25,25645.50,^MXX
2008-09-26,25593.769531,^MXX
2008-09-27,29607.160156,^MXX
2008-09-28,31995.279297,^MXX
2008-09-29,23955.669922,^MXX
2008-09-30,24888.900391,^MXX
2008-10-01,25117.320312,^MXX
2008-10-02,24027.349609,^MXX
2008-10-03,22989.50,^MXX
2008-10-04,32917.921875,^MXX
2008-10-05,28680.830078,^MXX
2008-10-06,21749.130859,^MXX
2008-10-07,20884.740234,^MXX
2008-10-08,20678.970703,^MXX
2008-10-09,20310.199219,^MXX
2008-10-10,19905.269531,^MXX
2008-10-11,37182.371094,^MXX
2008-10-12,37351.808594,^MXX
2008-10-13,22095.890625,^MXX
2008-10-14,22244.609375,^MXX
2008-10-15,21135.419922,^MXX
2008-10-16,20457.929688,^MXX
2008-10-17,20312.830078,^MXX
2008-10-18,35134.429688,^MXX
2008-10-19,41421.738281,^MXX
2008-10-20,20786.210938,^MXX
2008-10-21,20203.269531,^MXX
2008-10-22,18787.339844,^MXX
2008-10-23,17798.990234,^MXX
2008-10-24,16978.839844,^MXX
2008-10-25,35016.039062,^MXX
2008-10-26,31847.980469,^MXX
2008-10-27,16891.029297,^MXX
2008-10-28,18632.529297,^MXX
2008-10-29,19157.330078,^MXX
2008-10-30,20207.019531,^MXX
2008-10-31,20445.320312,^MXX
2008-11-01,20272.769531,^MXX
2008-11-02,23238.859375,^MXX
2008-11-03,20612.679688,^MXX
2008-11-04,21535.269531,^MXX
2008-11-05,20446.769531,^MXX
2008-11-06,19650.859375,^MXX
2008-11-07,19865.220703,^MXX
2008-11-08,40366.269531,^MXX
2008-11-09,37323.910156,^MXX
2008-11-10,20020.529297,^MXX
2008-11-11,19795.25,^MXX
2008-11-12,18804.949219,^MXX
2008-11-13,19710.099609,^MXX
2008-11-14,19562.140625,^MXX
2008-11-15,24085.580078,^MXX
2008-11-16,26815.300781,^MXX
2008-11-17,40859.898438,^MXX
2008-11-18,19036.230469,^MXX
2008-11-19,18578.380859,^MXX
2008-11-20,18190.699219,^MXX
2008-11-21,18251.410156,^MXX
2008-11-22,33947.621094,^MXX
2008-11-23,38230.199219,^MXX
2008-11-24,19529.25,^MXX
2008-11-25,19297.630859,^MXX
2008-11-26,20025.789062,^MXX
2008-11-27,20201.820312,^MXX
2008-11-28,20534.720703,^MXX
2008-11-29,41470.050781,^MXX
2008-11-30,40332.980469,^MXX
2008-12-01,19533.080078,^MXX
2008-12-02,19802.269531,^MXX
2008-12-03,20147.009766,^MXX
2008-12-04,19916.210938,^MXX
2008-12-05,20081.830078,^MXX
2008-12-06,43932.519531,^MXX
2008-12-07,31670.210938,^MXX
2008-12-08,21168.720703,^MXX
2008-12-09,21439.650391,^MXX
2008-12-10,21689.839844,^MXX
2008-12-11,21408.349609,^MXX
2008-12-12,26131.349609,^MXX
2008-12-13,31038.320312,^MXX
2008-12-14,39879.011719,^MXX
2008-12-15,21050.550781,^MXX
2008-12-16,22032.539062,^MXX
2008-12-17,22572.50,^MXX
2008-12-18,22347.169922,^MXX
2008-12-19,22221.640625,^MXX
2008-12-20,28551.25,^MXX
2008-12-21,36579.070312,^MXX
2008-12-22,22059.179688,^MXX
2008-12-23,22174.259766,^MXX
2008-12-24,22340.699219,^MXX
2008-12-25,20147.009766,^MXX
2008-12-26,22515.339844,^MXX
2008-12-27,33000.289062,^MXX
2008-12-28,40805.398438,^MXX
2008-12-29,22392.380859,^MXX
2008-12-30,22420.009766,^MXX
2008-12-31,22380.320312,^MXX
2009-01-01,23341.720703,^MXX
2009-01-02,23250.960938,^MXX
2009-01-03,31689.609375,^MXX
2009-01-04,31411.910156,^MXX
2009-01-05,23238.859375,^MXX
2009-01-06,23005.410156,^MXX
2009-01-07,22117.509766,^MXX
2009-01-08,21955.400391,^MXX
2009-01-09,21741.289062,^MXX
2009-01-10,37912.550781,^MXX
2009-01-11,36304.539062,^MXX
2009-01-12,21162.269531,^MXX
2009-01-13,21047.300781,^MXX
2009-01-14,20369.230469,^MXX
2009-01-15,20280.490234,^MXX
2009-01-16,20325.390625,^MXX
2009-01-17,26646.369141,^MXX
2009-01-18,34452.210938,^MXX
2009-01-19,20393.410156,^MXX
2009-01-20,19213.019531,^MXX
2009-01-21,19497.099609,^MXX
2009-01-22,19306.730469,^MXX
2009-01-23,19348.810547,^MXX
2009-01-24,27644.75,^MXX
2009-01-25,26777.480469,^MXX
2009-01-26,19583.080078,^MXX
2009-01-27,19616.150391,^MXX
2009-01-28,20145.220703,^MXX
2009-01-29,19537.050781,^MXX
2009-01-30,19565.140625,^MXX
2009-01-31,27944.240234,^MXX
2009-02-01,28599.919922,^MXX
2009-02-02,25183.830078,^MXX
2009-02-03,19630.460938,^MXX
2009-02-04,19622.599609,^MXX
2009-02-05,19736.960938,^MXX
2009-02-06,20438.130859,^MXX
2009-02-07,36767.859375,^MXX
2009-02-08,34712.378906,^MXX
2009-02-09,20537.099609,^MXX
2009-02-10,19825.720703,^MXX
2009-02-11,19446.650391,^MXX
2009-02-12,19358.25,^MXX
2009-02-13,19368.099609,^MXX
2009-02-14,36603.300781,^MXX
2009-02-15,31967.429688,^MXX
2009-02-16,19520.869141,^MXX
2009-02-17,18853.929688,^MXX
2009-02-18,18741.269531,^MXX
2009-02-19,18682.470703,^MXX
2009-02-20,18324.230469,^MXX
2009-02-21,37142.148438,^MXX
2009-02-22,33948.480469,^MXX
2009-02-23,17956.400391,^MXX
2009-02-24,18296.109375,^MXX
2009-02-25,18200.699219,^MXX
2009-02-26,18047.160156,^MXX
2009-02-27,17752.179688,^MXX
2009-02-28,32291.669922,^MXX
2009-03-01,39987.058594,^MXX
2009-03-02,16929.800781,^MXX
2009-03-03,17093.25,^MXX
2009-03-04,17824.960938,^MXX
2009-03-05,17365.019531,^MXX
2009-03-06,17043.439453,^MXX
2009-03-07,34836.50,^MXX
2009-03-08,21838.960938,^MXX
2009-03-09,16964.359375,^MXX
2009-03-10,17543.519531,^MXX
2009-03-11,17790.689453,^MXX
2009-03-12,18864.869141,^MXX
2009-03-13,19437.009766,^MXX
2009-03-14,26877.070312,^MXX
2009-03-15,33000.289062,^MXX
2009-03-16,28680.830078,^MXX
2009-03-17,19325.050781,^MXX
2009-03-18,19620.480469,^MXX
2009-03-19,19596.509766,^MXX
2009-03-20,19363.300781,^MXX
2009-03-21,40108.921875,^MXX
2009-03-22,24340.650391,^MXX
2009-03-23,20346.429688,^MXX
2009-03-24,20242.609375,^MXX
2009-03-25,20272.769531,^MXX
2009-03-26,20542.25,^MXX
2009-03-27,20315.169922,^MXX
2009-03-28,38092.808594,^MXX
2009-03-29,26805.419922,^MXX
2009-03-30,19530.150391,^MXX
2009-03-31,19626.75,^MXX
2009-04-01,19880.369141,^MXX
2009-04-02,20562.589844,^MXX
2009-04-03,20933.779297,^MXX
2009-04-04,28215.859375,^MXX
2009-04-05,35467.011719,^MXX
2009-04-06,20807.210938,^MXX
2009-04-07,20623.419922,^MXX
2009-04-08,20530.630859,^MXX
2009-04-09,36567.628906,^MXX
2009-04-10,30465.060547,^MXX
2009-04-11,35130.601562,^MXX
2009-04-12,32882.00,^MXX
2009-04-13,21838.960938,^MXX
2009-04-14,21918.599609,^MXX
2009-04-15,21861.359375,^MXX
2009-04-16,22189.199219,^MXX
2009-04-17,22234.839844,^MXX
2009-04-18,35781.429688,^MXX
2009-04-19,18047.160156,^MXX
2009-04-20,21587.490234,^MXX
2009-04-21,21216.939453,^MXX
2009-04-22,21480.009766,^MXX
2009-04-23,21829.330078,^MXX
2009-04-24,22582.169922,^MXX
2009-04-25,33771.550781,^MXX
2009-04-26,32041.130859,^MXX
2009-04-27,21827.109375,^MXX
2009-04-28,21662.529297,^MXX
2009-04-29,22079.339844,^MXX
2009-04-30,21898.849609,^MXX
2009-05-01,33840.851562,^MXX
2009-05-02,32792.660156,^MXX
2009-05-03,41817.109375,^MXX
2009-05-04,23014.050781,^MXX
2009-05-05,23430.240234,^MXX
2009-05-06,23906.130859,^MXX
2009-05-07,23589.400391,^MXX
2009-05-08,24085.580078,^MXX
2009-05-09,24969.169922,^MXX
2009-05-10,35637.859375,^MXX
2009-05-11,23943.019531,^MXX
2009-05-12,23696.490234,^MXX
2009-05-13,23155.009766,^MXX
2009-05-14,23405.929688,^MXX
2009-05-15,23341.720703,^MXX
2009-05-16,32119.109375,^MXX
2009-05-17,35655.308594,^MXX
2009-05-18,23935.490234,^MXX
2009-05-19,24344.619141,^MXX
2009-05-20,24399.599609,^MXX
2009-05-21,23821.259766,^MXX
2009-05-22,24093.240234,^MXX
2009-05-23,21749.130859,^MXX
2009-05-24,35843.808594,^MXX
2009-05-25,24198.960938,^MXX
2009-05-26,24640.080078,^MXX
2009-05-27,24507.810547,^MXX
2009-05-28,24659.240234,^MXX
2009-05-29,24331.710938,^MXX
2009-05-30,35742.570312,^MXX
2009-05-31,28599.919922,^MXX
2009-06-01,25105.630859,^MXX
2009-06-02,25183.830078,^MXX
2009-06-03,24651.320312,^MXX
2009-06-04,24748.029297,^MXX
2009-06-05,24913.009766,^MXX
2009-06-06,31785.990234,^MXX
2009-06-07,37320.96875,^MXX
2009-06-08,24932.880859,^MXX
2009-06-09,25107.429688,^MXX
2009-06-10,25183.720703,^MXX
2009-06-11,25372.849609,^MXX
2009-06-12,25460.019531,^MXX
2009-06-13,37810.160156,^MXX
2009-06-14,32291.669922,^MXX
2009-06-15,24899.689453,^MXX
2009-06-16,24224.830078,^MXX
2009-06-17,24150.939453,^MXX
2009-06-18,24340.650391,^MXX
2009-06-19,24274.720703,^MXX
2009-06-20,33438.160156,^MXX
2009-06-21,35721.101562,^MXX
2009-06-22,23314.679688,^MXX
2009-06-23,23496.390625,^MXX
2009-06-24,23711.240234,^MXX
2009-06-25,24245.710938,^MXX
2009-06-26,24458.230469,^MXX
2009-06-27,30475.439453,^MXX
2009-06-28,36499.851562,^MXX
2009-06-29,24473.529297,^MXX
2009-06-30,24368.380859,^MXX
2009-07-01,24524.009766,^MXX
2009-07-02,24051.460938,^MXX
2009-07-03,24045.390625,^MXX
2009-07-04,33136.890625,^MXX
2009-07-05,19446.650391,^MXX
2009-07-06,23742.490234,^MXX
2009-07-07,23359.939453,^MXX
2009-07-08,23468.980469,^MXX
2009-07-09,23634.269531,^MXX
2009-07-10,23656.259766,^MXX
2009-07-11,43278.109375,^MXX
2009-07-12,23589.400391,^MXX
2009-07-13,23951.960938,^MXX
2009-07-14,24340.650391,^MXX
2009-07-15,25336.330078,^MXX
2009-07-16,25735.560547,^MXX
2009-07-17,25741.960938,^MXX
2009-07-18,38204.328125,^MXX
2009-07-19,26990.189453,^MXX
2009-07-20,26284.060547,^MXX
2009-07-21,26004.019531,^MXX
2009-07-22,26288.210938,^MXX
2009-07-23,26805.419922,^MXX
2009-07-24,26646.369141,^MXX
2009-07-25,27869.919922,^MXX
2009-07-26,35416.25,^MXX
2009-07-27,26815.300781,^MXX
2009-07-28,26850.75,^MXX
2009-07-29,26516.50,^MXX
2009-07-30,26810.269531,^MXX
2009-07-31,27043.50,^MXX
2009-08-01,38444.011719,^MXX
2009-08-02,36440.21875,^MXX
2009-08-03,27692.480469,^MXX
2009-08-04,27869.919922,^MXX
2009-08-05,28082.630859,^MXX
2009-08-06,27802.410156,^MXX
2009-08-07,28179.550781,^MXX
2009-08-08,17543.519531,^MXX
2009-08-09,26732.109375,^MXX
2009-08-10,28305.320312,^MXX
2009-08-11,27800.800781,^MXX
2009-08-12,28096.019531,^MXX
2009-08-13,28155.490234,^MXX
2009-08-14,27855.429688,^MXX
2009-08-15,32814.621094,^MXX
2009-08-16,37035.75,^MXX
2009-08-17,27299.580078,^MXX
2009-08-18,27544.320312,^MXX
2009-08-19,27598.369141,^MXX
2009-08-20,27944.240234,^MXX
2009-08-21,28308.960938,^MXX
2009-08-22,30354.179688,^MXX
2009-08-23,26877.070312,^MXX
2009-08-24,28004.269531,^MXX
2009-08-25,28005.460938,^MXX
2009-08-26,28212.849609,^MXX
2009-08-27,28437.259766,^MXX
2009-08-28,28599.919922,^MXX
2009-08-29,31902.599609,^MXX
2009-08-30,34452.210938,^MXX
2009-08-31,28129.949219,^MXX
2009-09-01,27749.160156,^MXX
2009-09-02,27953.339844,^MXX
2009-09-03,28150.089844,^MXX
2009-09-04,28309.550781,^MXX
2009-09-05,31902.599609,^MXX
2009-09-06,19596.509766,^MXX
2009-09-07,28585.25,^MXX
2009-09-08,29190.820312,^MXX
2009-09-09,29100.050781,^MXX
2009-09-10,29318.419922,^MXX
2009-09-11,29448.789062,^MXX
2009-09-12,36722.640625,^MXX
2009-09-13,18741.269531,^MXX
2009-09-14,29383.189453,^MXX
2009-09-15,29625.019531,^MXX
2009-09-16,37132.980469,^MXX
2009-09-17,30017.720703,^MXX
2009-09-18,29942.00,^MXX
2009-09-19,0,^MXX
2009-09-20,29464.539062,^MXX
2009-09-21,29607.160156,^MXX
2009-09-22,29513.679688,^MXX
2009-09-23,28959.669922,^MXX
2009-09-24,28465.109375,^MXX
2009-09-25,28759.980469,^MXX
2009-09-26,33771.550781,^MXX
2009-09-27,32775.339844,^MXX
2009-09-28,29401.990234,^MXX
2009-09-29,29432.009766,^MXX
2009-09-30,29232.240234,^MXX
2009-10-01,28588.259766,^MXX
2009-10-02,28678.660156,^MXX
2009-10-03,26416.619141,^MXX
2009-10-04,41124.558594,^MXX
2009-10-05,29214.400391,^MXX
2009-10-06,29690.480469,^MXX
2009-10-07,29763.369141,^MXX
2009-10-08,29898.849609,^MXX
2009-10-09,30039.710938,^MXX
2009-10-10,32969.828125,^MXX
2009-10-11,31192.480469,^MXX
2009-10-12,30475.429688,^MXX
2009-10-13,30611.099609,^MXX
2009-10-14,30881.099609,^MXX
2009-10-15,31017.730469,^MXX
2009-10-16,30726.300781,^MXX
2009-10-17,40547.488281,^MXX
2009-10-18,23155.009766,^MXX
2009-10-19,30927.109375,^MXX
2009-10-20,31000.939453,^MXX
2009-10-21,30889.050781,^MXX
2009-10-22,30761.759766,^MXX
2009-10-23,30617.679688,^MXX
2009-10-24,32417.330078,^MXX
2009-10-25,23742.490234,^MXX
2009-10-26,30280.080078,^MXX
2009-10-27,29312.839844,^MXX
2009-10-28,28670.900391,^MXX
2009-10-29,29247.830078,^MXX
2009-10-30,28646.029297,^MXX
2009-10-31,26877.070312,^MXX
2009-11-01,30739.009766,^MXX
2009-11-02,29533.439453,^MXX
2009-11-03,28886.529297,^MXX
2009-11-04,29430.509766,^MXX
2009-11-05,29735.339844,^MXX
2009-11-06,29868.619141,^MXX
2009-11-07,32342.429688,^MXX
2009-11-08,37054.558594,^MXX
2009-11-09,30646.240234,^MXX
2009-11-10,30788.199219,^MXX
2009-11-11,31097.640625,^MXX
2009-11-12,30759.849609,^MXX
2009-11-13,31002.089844,^MXX
2009-11-14,28169.769531,^MXX
2009-11-15,34895.828125,^MXX
2009-11-16,32056.160156,^MXX
2009-11-17,31400.199219,^MXX
2009-11-18,31056.619141,^MXX
2009-11-19,30817.669922,^MXX
2009-11-20,30666.509766,^MXX
2009-11-21,17798.990234,^MXX
2009-11-22,30651.560547,^MXX
2009-11-23,31126.169922,^MXX
2009-11-24,30961.990234,^MXX
2009-11-25,31364.039062,^MXX
2009-11-26,30447.830078,^MXX
2009-11-27,30775.449219,^MXX
2009-11-28,37810.160156,^MXX
2009-11-29,44159.648438,^MXX
2009-11-30,30957.109375,^MXX
2009-12-01,31750.580078,^MXX
2009-12-02,32111.789062,^MXX
2009-12-03,31967.429688,^MXX
2009-12-04,32105.390625,^MXX
2009-12-05,35416.25,^MXX
2009-12-06,19529.25,^MXX
2009-12-07,32085.169922,^MXX
2009-12-08,31710.390625,^MXX
2009-12-09,31670.210938,^MXX
2009-12-10,31916.599609,^MXX
2009-12-11,31901.689453,^MXX
2009-12-12,43495.738281,^MXX
2009-12-13,41273.019531,^MXX
2009-12-14,32009.880859,^MXX
2009-12-15,31902.599609,^MXX
2009-12-16,31956.25,^MXX
2009-12-17,31948.410156,^MXX
2009-12-18,31834.070312,^MXX
2009-12-19,30629.150391,^MXX
2009-12-20,32832.449219,^MXX
2009-12-21,31799.230469,^MXX
2009-12-22,32240.320312,^MXX
2009-12-23,32450.230469,^MXX
2009-12-24,32548.529297,^MXX
2009-12-25,20542.25,^MXX
2009-12-26,31526.169922,^MXX
2009-12-27,28308.960938,^MXX
2009-12-28,32610.509766,^MXX
2009-12-29,32626.289062,^MXX
2009-12-30,32448.740234,^MXX
2009-12-31,32120.470703,^MXX
2010-01-01,40027.128906,^MXX
2010-01-02,26131.349609,^MXX
2010-01-03,43664.730469,^MXX
2010-01-04,32758.529297,^MXX
2010-01-05,32732.759766,^MXX
2010-01-06,32830.160156,^MXX
2010-01-07,33064.570312,^MXX
2010-01-08,32892.039062,^MXX
2010-01-09,30629.150391,^MXX
2010-01-10,41836.921875,^MXX
2010-01-11,32935.378906,^MXX
2010-01-12,32792.660156,^MXX
2010-01-13,32836.078125,^MXX
2010-01-14,32729.580078,^MXX
2010-01-15,32262.300781,^MXX
2010-01-16,27877.330078,^MXX
2010-01-17,36863.53125,^MXX
2010-01-18,32482.730469,^MXX
2010-01-19,32473.050781,^MXX
2010-01-20,32025.339844,^MXX
2010-01-21,31205.300781,^MXX
2010-01-22,30830.910156,^MXX
2010-01-23,29247.830078,^MXX
2010-01-24,19795.25,^MXX
2010-01-25,30465.060547,^MXX
2010-01-26,30651.560547,^MXX
2010-01-27,30610.830078,^MXX
2010-01-28,30811.349609,^MXX
2010-01-29,30391.609375,^MXX
2010-01-30,19795.25,^MXX
2010-01-31,22572.50,^MXX
2010-02-01,39354.859375,^MXX
2010-02-02,30876.650391,^MXX
2010-02-03,31287.039062,^MXX
2010-02-04,30603.710938,^MXX
2010-02-05,30630.730469,^MXX
2010-02-06,43134.511719,^MXX
2010-02-07,35752.019531,^MXX
2010-02-08,30649.439453,^MXX
2010-02-09,30818.480469,^MXX
2010-02-10,30746.050781,^MXX
2010-02-11,30845.630859,^MXX
2010-02-12,31005.740234,^MXX
2010-02-13,42122.25,^MXX
2010-02-14,18324.230469,^MXX
2010-02-15,31038.320312,^MXX
2010-02-16,31644.769531,^MXX
2010-02-17,31892.119141,^MXX
2010-02-18,32170.789062,^MXX
2010-02-19,32172.109375,^MXX
2010-02-20,20346.429688,^MXX
2010-02-21,21535.269531,^MXX
2010-02-22,32034.339844,^MXX
2010-02-23,31850.240234,^MXX
2010-02-24,31788.539062,^MXX
2010-02-25,31649.099609,^MXX
2010-02-26,31634.539062,^MXX
2010-02-27,34049.578125,^MXX
2010-02-28,30039.710938,^MXX
2010-03-01,31765.140625,^MXX
2010-03-02,32055.039062,^MXX
2010-03-03,32353.539062,^MXX
2010-03-04,32202.00,^MXX
2010-03-05,32436.529297,^MXX
2010-03-06,43495.738281,^MXX
2010-03-07,38910.679688,^MXX
2010-03-08,32520.269531,^MXX
2010-03-09,32514.169922,^MXX
2010-03-10,32505.759766,^MXX
2010-03-11,32602.939453,^MXX
2010-03-12,32578.050781,^MXX
2010-03-13,31796.410156,^MXX
2010-03-14,44152.960938,^MXX
2010-03-15,45442.980469,^MXX
2010-03-16,32723.900391,^MXX
2010-03-17,32798.300781,^MXX
2010-03-18,32969.828125,^MXX
2010-03-19,33022.839844,^MXX
2010-03-20,40045.511719,^MXX
2010-03-21,24045.390625,^MXX
2010-03-22,33142.019531,^MXX
2010-03-23,33361.269531,^MXX
2010-03-24,33160.96875,^MXX
2010-03-25,33164.328125,^MXX
2010-03-26,33147.808594,^MXX
2010-03-27,38542.160156,^MXX
2010-03-28,44017.121094,^MXX
2010-03-29,33416.101562,^MXX
2010-03-30,33399.460938,^MXX
2010-03-31,33266.429688,^MXX
2010-04-01,36583.289062,^MXX
2010-04-02,35380.53125,^MXX
2010-04-03,27592.240234,^MXX
2010-04-04,31812.730469,^MXX
2010-04-05,33648.890625,^MXX
2010-04-06,33801.210938,^MXX
2010-04-07,33632.351562,^MXX
2010-04-08,33567.351562,^MXX
2010-04-09,33840.851562,^MXX
2010-04-10,32105.390625,^MXX
2010-04-11,37486.25,^MXX
2010-04-12,33852.390625,^MXX
2010-04-13,33819.039062,^MXX
2010-04-14,34113.929688,^MXX
2010-04-15,34134.230469,^MXX
2010-04-16,33621.390625,^MXX
2010-04-17,23155.009766,^MXX
2010-04-18,40108.921875,^MXX
2010-04-19,33439.769531,^MXX
2010-04-20,33813.160156,^MXX
2010-04-21,33517.179688,^MXX
2010-04-22,33658.371094,^MXX
2010-04-23,33853.691406,^MXX
2010-04-24,36628.058594,^MXX
2010-04-25,27644.75,^MXX
2010-04-26,33771.550781,^MXX
2010-04-27,32679.359375,^MXX
2010-04-28,32952.859375,^MXX
2010-04-29,32861.00,^MXX
2010-04-30,32687.320312,^MXX
2010-05-01,30761.759766,^MXX
2010-05-02,36499.851562,^MXX
2010-05-03,32832.449219,^MXX
2010-05-04,32120.650391,^MXX
2010-05-05,31995.279297,^MXX
2010-05-06,31398.970703,^MXX
2010-05-07,31488.820312,^MXX
2010-05-08,24340.650391,^MXX
2010-05-09,19157.330078,^MXX
2010-05-10,32276.919922,^MXX
2010-05-11,32119.109375,^MXX
2010-05-12,32379.630859,^MXX
2010-05-13,32342.429688,^MXX
2010-05-14,31812.730469,^MXX
2010-05-15,29925.269531,^MXX
2010-05-16,18578.380859,^MXX
2010-05-17,31580.630859,^MXX
2010-05-18,31136.349609,^MXX
2010-05-19,30992.759766,^MXX
2010-05-20,30368.080078,^MXX
2010-05-21,30629.150391,^MXX
2010-05-22,39339.148438,^MXX
2010-05-23,31000.939453,^MXX
2010-05-24,30759.480469,^MXX
2010-05-25,30634.169922,^MXX
2010-05-26,31328.490234,^MXX
2010-05-27,32056.160156,^MXX
2010-05-28,31547.550781,^MXX
2010-05-29,27342.390625,^MXX
2010-05-30,32308.740234,^MXX
2010-05-31,32038.529297,^MXX
2010-06-01,31245.830078,^MXX
2010-06-02,31411.910156,^MXX
2010-06-03,31331.859375,^MXX
2010-06-04,30992.650391,^MXX
2010-06-05,37994.71875,^MXX
2010-06-06,21168.720703,^MXX
2010-06-07,30739.009766,^MXX
2010-06-08,31059.830078,^MXX
2010-06-09,31209.330078,^MXX
2010-06-10,31910.220703,^MXX
2010-06-11,32124.279297,^MXX
2010-06-12,39339.148438,^MXX
2010-06-13,38444.011719,^MXX
2010-06-14,32238.410156,^MXX
2010-06-15,32685.400391,^MXX
2010-06-16,32805.628906,^MXX
2010-06-17,32775.339844,^MXX
2010-06-18,32814.621094,^MXX
2010-06-19,36795.890625,^MXX
2010-06-20,31902.599609,^MXX
2010-06-21,32882.00,^MXX
2010-06-22,32470.699219,^MXX
2010-06-23,32663.289062,^MXX
2010-06-24,32312.759766,^MXX
2010-06-25,32607.130859,^MXX
2010-06-26,37069.898438,^MXX
2010-06-27,39125.351562,^MXX
2010-06-28,32568.189453,^MXX
2010-06-29,31473.199219,^MXX
2010-06-30,31156.970703,^MXX
2010-07-01,31197.039062,^MXX
2010-07-02,31379.669922,^MXX
2010-07-03,32381.060547,^MXX
2010-07-04,29190.820312,^MXX
2010-07-05,31391.449219,^MXX
2010-07-06,31533.580078,^MXX
2010-07-07,32035.189453,^MXX
2010-07-08,31960.640625,^MXX
2010-07-09,32004.310547,^MXX
2010-07-10,33142.019531,^MXX
2010-07-11,34675.53125,^MXX
2010-07-12,31870.550781,^MXX
2010-07-13,32185.199219,^MXX
2010-07-14,32305.710938,^MXX
2010-07-15,32381.060547,^MXX
2010-07-16,31783.390625,^MXX
2010-07-17,40697.871094,^MXX
2010-07-18,40830.601562,^MXX
2010-07-19,31845.880859,^MXX
2010-07-20,32024.269531,^MXX
2010-07-21,32108.990234,^MXX
2010-07-22,32720.759766,^MXX
2010-07-23,32806.03125,^MXX
2010-07-24,40248.378906,^MXX
2010-07-25,37195.730469,^MXX
2010-07-26,32958.890625,^MXX
2010-07-27,32695.310547,^MXX
2010-07-28,32665.560547,^MXX
2010-07-29,32463.720703,^MXX
2010-07-30,32308.740234,^MXX
2010-07-31,27988.470703,^MXX
2010-08-01,27988.470703,^MXX
2010-08-02,32816.519531,^MXX
2010-08-03,32768.078125,^MXX
2010-08-04,32900.480469,^MXX
2010-08-05,32907.191406,^MXX
2010-08-06,32917.921875,^MXX
2010-08-07,23250.960938,^MXX
2010-08-08,32685.519531,^MXX
2010-08-09,32837.570312,^MXX
2010-08-10,32685.519531,^MXX
2010-08-11,32058.570312,^MXX
2010-08-12,32041.130859,^MXX
2010-08-13,32099.75,^MXX
2010-08-14,35325.089844,^MXX
2010-08-15,37226.429688,^MXX
2010-08-16,32119.880859,^MXX
2010-08-17,32286.080078,^MXX
2010-08-18,32408.300781,^MXX
2010-08-19,32153.630859,^MXX
2010-08-20,32291.669922,^MXX
2010-08-21,31382.669922,^MXX
2010-08-22,26284.060547,^MXX
2010-08-23,32142.669922,^MXX
2010-08-24,31364.890625,^MXX
2010-08-25,31453.720703,^MXX
2010-08-26,31217.990234,^MXX
2010-08-27,31755.349609,^MXX
2010-08-28,20147.009766,^MXX
2010-08-29,39879.011719,^MXX
2010-08-30,31382.669922,^MXX
2010-08-31,31679.849609,^MXX
2010-09-01,32339.230469,^MXX
2010-09-02,32417.330078,^MXX
2010-09-03,32592.869141,^MXX
2010-09-04,41836.921875,^MXX
2010-09-05,20147.009766,^MXX
2010-09-06,32746.669922,^MXX
2010-09-07,32448.400391,^MXX
2010-09-08,32409.599609,^MXX
2010-09-09,32518.980469,^MXX
2010-09-10,32626.869141,^MXX
2010-09-11,30447.830078,^MXX
2010-09-12,37190.898438,^MXX
2010-09-13,32921.628906,^MXX
2010-09-14,33058.00,^MXX
2010-09-15,33046.691406,^MXX
2010-09-16,29607.160156,^MXX
2010-09-17,21480.009766,^MXX
2010-09-18,31000.939453,^MXX
2010-09-19,31526.169922,^MXX
2010-09-20,33273.53125,^MXX
2010-09-21,33296.691406,^MXX
2010-09-22,33207.210938,^MXX
2010-09-23,33091.128906,^MXX
2010-09-24,33280.75,^MXX
2010-09-25,43705.828125,^MXX
2010-09-26,34452.210938,^MXX
2010-09-27,33122.441406,^MXX
2010-09-28,33258.53125,^MXX
2010-09-29,33186.761719,^MXX
2010-09-30,33330.339844,^MXX
2010-10-01,33807.480469,^MXX
2010-10-02,37880.128906,^MXX
2010-10-03,35639.378906,^MXX
2010-10-04,34040.171875,^MXX
2010-10-05,34257.398438,^MXX
2010-10-06,34370.640625,^MXX
2010-10-07,34257.808594,^MXX
2010-10-08,34464.820312,^MXX
2010-10-09,37240.78125,^MXX
2010-10-10,29942.00,^MXX
2010-10-11,34465.410156,^MXX
2010-10-12,34437.390625,^MXX
2010-10-13,34798.648438,^MXX
2010-10-14,34836.50,^MXX
2010-10-15,34741.539062,^MXX
2010-10-16,28383.529297,^MXX
2010-10-17,35262.890625,^MXX
2010-10-18,34919.308594,^MXX
2010-10-19,34452.210938,^MXX
2010-10-20,34880.46875,^MXX
2010-10-21,34965.25,^MXX
2010-10-22,35120.878906,^MXX
2010-10-23,35531.21875,^MXX
2010-10-24,36546.621094,^MXX
2010-10-25,35262.890625,^MXX
2010-10-26,35373.390625,^MXX
2010-10-27,35262.898438,^MXX
2010-10-28,35376.71875,^MXX
2010-10-29,35568.21875,^MXX
2010-10-30,24340.650391,^MXX
2010-10-31,32548.529297,^MXX
2010-11-01,35722.710938,^MXX
2010-11-02,31649.050781,^MXX
2010-11-03,35843.808594,^MXX
2010-11-04,36198.601562,^MXX
2010-11-05,36317.511719,^MXX
2010-11-06,19583.080078,^MXX
2010-11-07,36860.679688,^MXX
2010-11-08,36543.390625,^MXX
2010-11-09,36198.03125,^MXX
2010-11-10,36417.46875,^MXX
2010-11-11,36304.539062,^MXX
2010-11-12,36057.390625,^MXX
2010-11-13,31845.880859,^MXX
2010-11-14,44370.640625,^MXX
2010-11-15,32626.869141,^MXX
2010-11-16,35648.210938,^MXX
2010-11-17,35842.480469,^MXX
2010-11-18,36322.121094,^MXX
2010-11-19,36601.398438,^MXX
2010-11-20,32470.699219,^MXX
2010-11-21,44865.300781,^MXX
2010-11-22,36710.460938,^MXX
2010-11-23,36271.828125,^MXX
2010-11-24,37079.28125,^MXX
2010-11-25,36969.199219,^MXX
2010-11-26,36904.53125,^MXX
2010-11-27,20530.630859,^MXX
2010-11-28,42589.679688,^MXX
2010-11-29,36890.609375,^MXX
2010-11-30,36817.320312,^MXX
2010-12-01,37277.558594,^MXX
2010-12-02,37399.46875,^MXX
2010-12-03,37385.910156,^MXX
2010-12-04,37894.339844,^MXX
2010-12-05,37506.761719,^MXX
2010-12-06,37737.128906,^MXX
2010-12-07,37880.128906,^MXX
2010-12-08,37617.769531,^MXX
2010-12-09,37567.390625,^MXX
2010-12-10,37677.78125,^MXX
2010-12-11,23430.240234,^MXX
2010-12-12,26424.699219,^MXX
2010-12-13,37894.339844,^MXX
2010-12-14,37901.039062,^MXX
2010-12-15,37676.550781,^MXX
2010-12-16,37832.859375,^MXX
2010-12-17,37997.339844,^MXX
2010-12-18,31492.640625,^MXX
2010-12-19,38147.511719,^MXX
2010-12-20,37975.480469,^MXX
2010-12-21,38230.859375,^MXX
2010-12-22,38172.910156,^MXX
2010-12-23,38131.46875,^MXX
2010-12-24,38081.070312,^MXX
2010-12-25,32312.759766,^MXX
2010-12-26,42095.160156,^MXX
2010-12-27,38132.851562,^MXX
2010-12-28,38147.511719,^MXX
2010-12-29,38230.199219,^MXX
2010-12-30,38243.140625,^MXX
2010-12-31,38550.789062,^MXX
2011-01-01,30762.160156,^MXX
2011-01-02,30876.650391,^MXX
2011-01-03,38605.800781,^MXX
2011-01-04,38542.160156,^MXX
2011-01-05,38696.238281,^MXX
2011-01-06,38589.671875,^MXX
2011-01-07,38600.859375,^MXX
2011-01-08,20393.410156,^MXX
2011-01-09,38027.839844,^MXX
2011-01-10,38378.160156,^MXX
2011-01-11,38028.808594,^MXX
2011-01-12,37963.308594,^MXX
2011-01-13,38070.191406,^MXX
2011-01-14,37994.71875,^MXX
2011-01-15,40040.691406,^MXX
2011-01-16,32832.449219,^MXX
2011-01-17,38096.910156,^MXX
2011-01-18,38151.300781,^MXX
2011-01-19,37810.160156,^MXX
2011-01-20,37584.679688,^MXX
2011-01-21,37321.109375,^MXX
2011-01-22,32448.740234,^MXX
2011-01-23,39339.148438,^MXX
2011-01-24,37667.898438,^MXX
2011-01-25,37470.761719,^MXX
2011-01-26,37585.398438,^MXX
2011-01-27,37447.699219,^MXX
2011-01-28,36839.71875,^MXX
2011-01-29,25460.019531,^MXX
2011-01-30,40590.960938,^MXX
2011-01-31,36982.238281,^MXX
2011-02-01,37618.101562,^MXX
2011-02-02,37948.75,^MXX
2011-02-03,37739.078125,^MXX
2011-02-04,37451.839844,^MXX
2011-02-05,31788.539062,^MXX
2011-02-06,23005.410156,^MXX
2011-02-07,39214.640625,^MXX
2011-02-08,37565.648438,^MXX
2011-02-09,36986.941406,^MXX
2011-02-10,36652.128906,^MXX
2011-02-11,37011.488281,^MXX
2011-02-12,40808.730469,^MXX
2011-02-13,32792.660156,^MXX
2011-02-14,36998.929688,^MXX
2011-02-15,36951.25,^MXX
2011-02-16,37074.929688,^MXX
2011-02-17,37226.429688,^MXX
2011-02-18,37522.300781,^MXX
2011-02-19,41470.050781,^MXX
2011-02-20,38149.21875,^MXX
2011-02-21,37242.050781,^MXX
2011-02-22,36781.550781,^MXX
2011-02-23,36464.070312,^MXX
2011-02-24,36446.558594,^MXX
2011-02-25,36880.199219,^MXX
2011-02-26,32610.509766,^MXX
2011-02-27,19565.140625,^MXX
2011-02-28,37019.699219,^MXX
2011-03-01,36768.089844,^MXX
2011-03-02,36863.53125,^MXX
2011-03-03,37132.980469,^MXX
2011-03-04,36900.839844,^MXX
2011-03-05,34452.210938,^MXX
2011-03-06,37384.339844,^MXX
2011-03-07,36603.300781,^MXX
2011-03-08,36688.121094,^MXX
2011-03-09,36450.191406,^MXX
2011-03-10,35891.410156,^MXX
2011-03-11,36091.21875,^MXX
2011-03-12,32548.529297,^MXX
2011-03-13,30674.359375,^MXX
2011-03-14,36205.761719,^MXX
2011-03-15,36012.171875,^MXX
2011-03-16,35655.308594,^MXX
2011-03-17,35621.679688,^MXX
2011-03-18,35418.50,^MXX
2011-03-19,19368.099609,^MXX
2011-03-20,31223.419922,^MXX
2011-03-21,32907.191406,^MXX
2011-03-22,35925.351562,^MXX
2011-03-23,36546.621094,^MXX
2011-03-24,36872.378906,^MXX
2011-03-25,36784.269531,^MXX
2011-03-26,34673.480469,^MXX
2011-03-27,38334.898438,^MXX
2011-03-28,36767.859375,^MXX
2011-03-29,36795.890625,^MXX
2011-03-30,37210.269531,^MXX
2011-03-31,37440.511719,^MXX
2011-04-01,37775.070312,^MXX
2011-04-02,34963.78125,^MXX
2011-04-03,19596.509766,^MXX
2011-04-04,37903.578125,^MXX
2011-04-05,37832.960938,^MXX
2011-04-06,37861.808594,^MXX
2011-04-07,37471.539062,^MXX
2011-04-08,37471.71875,^MXX
2011-04-09,41817.109375,^MXX
2011-04-10,26288.210938,^MXX
2011-04-11,37590.671875,^MXX
2011-04-12,37321.800781,^MXX
2011-04-13,37347.691406,^MXX
2011-04-14,37069.960938,^MXX
2011-04-15,36988.378906,^MXX
2011-04-16,35016.039062,^MXX
2011-04-17,41833.519531,^MXX
2011-04-18,36332.101562,^MXX
2011-04-19,36440.21875,^MXX
2011-04-20,36816.308594,^MXX
2011-04-21,32009.880859,^MXX
2011-04-22,33567.351562,^MXX
2011-04-23,32720.759766,^MXX
2011-04-24,31796.410156,^MXX
2011-04-25,36860.679688,^MXX
2011-04-26,36892.238281,^MXX
2011-04-27,36826.929688,^MXX
2011-04-28,36722.640625,^MXX
2011-04-29,36962.621094,^MXX
2011-04-30,38149.21875,^MXX
2011-05-01,35742.570312,^MXX
2011-05-02,36592.609375,^MXX
2011-05-03,35873.210938,^MXX
2011-05-04,35531.21875,^MXX
2011-05-05,35325.089844,^MXX
2011-05-06,35212.230469,^MXX
2011-05-07,44013.300781,^MXX
2011-05-08,32768.078125,^MXX
2011-05-09,35467.011719,^MXX
2011-05-10,35678.921875,^MXX
2011-05-11,35380.53125,^MXX
2011-05-12,35161.261719,^MXX
2011-05-13,35045.140625,^MXX
2011-05-14,38027.839844,^MXX
2011-05-15,40268.410156,^MXX
2011-05-16,35130.601562,^MXX
2011-05-17,34819.570312,^MXX
2011-05-18,35364.328125,^MXX
2011-05-19,35276.46875,^MXX
2011-05-20,35298.671875,^MXX
2011-05-21,40808.730469,^MXX
2011-05-22,25701.029297,^MXX
2011-05-23,35215.019531,^MXX
2011-05-24,35382.558594,^MXX
2011-05-25,35498.421875,^MXX
2011-05-26,35742.210938,^MXX
2011-05-27,35819.199219,^MXX
2011-05-28,30887.400391,^MXX
2011-05-29,23155.009766,^MXX
2011-05-30,35639.378906,^MXX
2011-05-31,35832.789062,^MXX
2011-06-01,35410.511719,^MXX
2011-06-02,35416.25,^MXX
2011-06-03,35123.890625,^MXX
2011-06-04,27474.039062,^MXX
2011-06-05,39339.148438,^MXX
2011-06-06,34673.480469,^MXX
2011-06-07,34895.828125,^MXX
2011-06-08,34879.070312,^MXX
2011-06-09,35233.398438,^MXX
2011-06-10,34963.78125,^MXX
2011-06-11,35755.480469,^MXX
2011-06-12,33948.480469,^MXX
2011-06-13,34997.96875,^MXX
2011-06-14,35445.648438,^MXX
2011-06-15,35318.390625,^MXX
2011-06-16,35220.988281,^MXX
2011-06-17,35025.738281,^MXX
2011-06-18,17956.400391,^MXX
2011-06-19,30775.449219,^MXX
2011-06-20,35109.96875,^MXX
2011-06-21,35276.601562,^MXX
2011-06-22,35399.441406,^MXX
2011-06-23,35326.660156,^MXX
2011-06-24,35347.851562,^MXX
2011-06-25,40211.410156,^MXX
2011-06-26,36863.53125,^MXX
2011-06-27,35601.730469,^MXX
2011-06-28,36188.910156,^MXX
2011-06-29,36579.589844,^MXX
2011-06-30,36558.070312,^MXX
2011-07-01,36800.71875,^MXX
2011-07-02,41755.160156,^MXX
2011-07-03,38055.269531,^MXX
2011-07-04,36847.101562,^MXX
2011-07-05,36640.929688,^MXX
2011-07-06,36468.011719,^MXX
2011-07-07,36583.289062,^MXX
2011-07-08,36499.851562,^MXX
2011-07-09,31302.570312,^MXX
2011-07-10,37103.171875,^MXX
2011-07-11,36359.488281,^MXX
2011-07-12,36178.589844,^MXX
2011-07-13,36254.699219,^MXX
2011-07-14,36164.609375,^MXX
2011-07-15,36155.859375,^MXX
2011-07-16,40248.378906,^MXX
2011-07-17,31636.210938,^MXX
2011-07-18,35781.429688,^MXX
2011-07-19,35752.019531,^MXX
2011-07-20,35341.671875,^MXX
2011-07-21,35555.828125,^MXX
2011-07-22,35755.480469,^MXX
2011-07-23,24085.580078,^MXX
2011-07-24,19596.509766,^MXX
2011-07-25,35479.671875,^MXX
2011-07-26,35341.269531,^MXX
2011-07-27,35597.628906,^MXX
2011-07-28,35917.800781,^MXX
2011-07-29,35999.339844,^MXX
2011-07-30,28599.919922,^MXX
2011-07-31,28096.019531,^MXX
2011-08-01,35730.710938,^MXX
2011-08-02,34814.941406,^MXX
2011-08-03,34484.371094,^MXX
2011-08-04,33322.628906,^MXX
2011-08-05,33697.871094,^MXX
2011-08-06,29847.849609,^MXX
2011-08-07,19565.140625,^MXX
2011-08-08,31740.130859,^MXX
2011-08-09,32381.550781,^MXX
2011-08-10,32219.330078,^MXX
2011-08-11,33590.328125,^MXX
2011-08-12,33361.50,^MXX
2011-08-13,40655.609375,^MXX
2011-08-14,38055.269531,^MXX
2011-08-15,33901.078125,^MXX
2011-08-16,33948.480469,^MXX
2011-08-17,34049.578125,^MXX
2011-08-18,33246.628906,^MXX
2011-08-19,33136.890625,^MXX
2011-08-20,26732.109375,^MXX
2011-08-21,33947.621094,^MXX
2011-08-22,33593.648438,^MXX
2011-08-23,34675.53125,^MXX
2011-08-24,34644.921875,^MXX
2011-08-25,33904.378906,^MXX
2011-08-26,34042.21875,^MXX
2011-08-27,21749.130859,^MXX
2011-08-28,37565.648438,^MXX
2011-08-29,35016.039062,^MXX
2011-08-30,35148.910156,^MXX
2011-08-31,35721.101562,^MXX
2011-09-01,35637.859375,^MXX
2011-09-02,35134.429688,^MXX
2011-09-03,39461.00,^MXX
2011-09-04,29942.00,^MXX
2011-09-05,33880.019531,^MXX
2011-09-06,34439.339844,^MXX
2011-09-07,35179.589844,^MXX
2011-09-08,34712.378906,^MXX
2011-09-09,33812.621094,^MXX
2011-09-10,33503.28125,^MXX
2011-09-11,36722.640625,^MXX
2011-09-12,33792.558594,^MXX
2011-09-13,33947.621094,^MXX
2011-09-14,34661.78125,^MXX
2011-09-15,35181.441406,^MXX
2011-09-16,18741.269531,^MXX
2011-09-17,37069.960938,^MXX
2011-09-18,25131.910156,^MXX
2011-09-19,35076.960938,^MXX
2011-09-20,34337.96875,^MXX
2011-09-21,34019.21875,^MXX
2011-09-22,32381.060547,^MXX
2011-09-23,32588.429688,^MXX
2011-09-24,32448.740234,^MXX
2011-09-25,32685.400391,^MXX
2011-09-26,33385.941406,^MXX
2011-09-27,33783.679688,^MXX
2011-09-28,33438.160156,^MXX
2011-09-29,33686.160156,^MXX
2011-09-30,33503.28125,^MXX
2011-10-01,21749.130859,^MXX
2011-10-02,37132.980469,^MXX
2011-10-03,33133.878906,^MXX
2011-10-04,32966.230469,^MXX
2011-10-05,33000.289062,^MXX
2011-10-06,33279.71875,^MXX
2011-10-07,33005.089844,^MXX
2011-10-08,45768.488281,^MXX
2011-10-09,30957.109375,^MXX
2011-10-10,33547.238281,^MXX
2011-10-11,33681.800781,^MXX
2011-10-12,34470.359375,^MXX
2011-10-13,34584.75,^MXX
2011-10-14,34848.421875,^MXX
2011-10-15,20147.009766,^MXX
2011-10-16,40353.429688,^MXX
2011-10-17,34125.699219,^MXX
2011-10-18,35011.710938,^MXX
2011-10-19,34523.269531,^MXX
2011-10-20,34395.50,^MXX
2011-10-21,35020.738281,^MXX
2011-10-22,33122.441406,^MXX
2011-10-23,32108.990234,^MXX
2011-10-24,35265.558594,^MXX
2011-10-25,35290.148438,^MXX
2011-10-26,35818.578125,^MXX
2011-10-27,36727.210938,^MXX
2011-10-28,36708.640625,^MXX
2011-10-29,33122.441406,^MXX
2011-10-30,44370.640625,^MXX
2011-10-31,36159.988281,^MXX
2011-11-01,35742.570312,^MXX
2011-11-02,37511.078125,^MXX
2011-11-03,36579.070312,^MXX
2011-11-04,36689.378906,^MXX
2011-11-05,31245.830078,^MXX
2011-11-06,40366.269531,^MXX
2011-11-07,37024.609375,^MXX
2011-11-08,37351.808594,^MXX
2011-11-09,36553.851562,^MXX
2011-11-10,36615.070312,^MXX
2011-11-11,37555.648438,^MXX
2011-11-12,37590.671875,^MXX
2011-11-13,25105.630859,^MXX
2011-11-14,37069.898438,^MXX
2011-11-15,37293.378906,^MXX
2011-11-16,36708.410156,^MXX
2011-11-17,36110.679688,^MXX
2011-11-18,36284.199219,^MXX
2011-11-19,23430.240234,^MXX
2011-11-20,45428.699219,^MXX
2011-11-21,29942.00,^MXX
2011-11-22,35969.609375,^MXX
2011-11-23,35375.609375,^MXX
2011-11-24,35323.601562,^MXX
2011-11-25,34573.039062,^MXX
2011-11-26,33416.101562,^MXX
2011-11-27,23155.009766,^MXX
2011-11-28,35558.179688,^MXX
2011-11-29,35708.710938,^MXX
2011-11-30,36829.148438,^MXX
2011-12-01,36567.628906,^MXX
2011-12-02,36756.058594,^MXX
2011-12-03,39879.011719,^MXX
2011-12-04,32142.669922,^MXX
2011-12-05,37103.171875,^MXX
2011-12-06,37071.171875,^MXX
2011-12-07,37054.558594,^MXX
2011-12-08,36641.308594,^MXX
2011-12-09,37227.210938,^MXX
2011-12-10,32038.529297,^MXX
2011-12-11,43495.738281,^MXX
2011-12-12,40215.351562,^MXX
2011-12-13,36471.441406,^MXX
2011-12-14,36012.671875,^MXX
2011-12-15,36006.898438,^MXX
2011-12-16,36054.628906,^MXX
2011-12-17,35212.230469,^MXX
2011-12-18,31000.939453,^MXX
2011-12-19,35587.78125,^MXX
2011-12-20,36239.390625,^MXX
2011-12-21,36628.058594,^MXX
2011-12-22,37066.769531,^MXX
2011-12-23,37041.421875,^MXX
2011-12-24,32111.789062,^MXX
2011-12-25,32124.279297,^MXX
2011-12-26,27342.390625,^MXX
2011-12-27,37091.421875,^MXX
2011-12-28,36644.859375,^MXX
2011-12-29,37185.730469,^MXX
2011-12-30,37077.519531,^MXX
2011-12-31,31414.210938,^MXX
2012-01-01,25460.019531,^MXX
2012-01-02,37335.03125,^MXX
2012-01-03,37384.339844,^MXX
2012-01-04,37387.628906,^MXX
2012-01-05,37017.949219,^MXX
2012-01-06,36804.050781,^MXX
2012-01-07,19596.509766,^MXX
2012-01-08,37590.671875,^MXX
2012-01-09,36785.339844,^MXX
2012-01-10,37190.898438,^MXX
2012-01-11,37307.640625,^MXX
2012-01-12,37320.96875,^MXX
2012-01-13,36548.558594,^MXX
2012-01-14,37320.96875,^MXX
2012-01-15,41720.621094,^MXX
2012-01-16,36916.160156,^MXX
2012-01-17,36601.199219,^MXX
2012-01-18,37506.761719,^MXX
2012-01-19,37680.058594,^MXX
2012-01-20,37384.210938,^MXX
2012-01-21,29763.369141,^MXX
2012-01-22,43647.988281,^MXX
2012-01-23,37195.730469,^MXX
2012-01-24,36853.300781,^MXX
2012-01-25,37212.859375,^MXX
2012-01-26,37240.78125,^MXX
2012-01-27,37184.710938,^MXX
2012-01-28,19795.25,^MXX
2012-01-29,38172.910156,^MXX
2012-01-30,37241.609375,^MXX
2012-01-31,37422.679688,^MXX
2012-02-01,37709.648438,^MXX
2012-02-02,37711.160156,^MXX
2012-02-03,38092.808594,^MXX
2012-02-04,35555.828125,^MXX
2012-02-05,37945.21875,^MXX
2012-02-06,39354.859375,^MXX
2012-02-07,38062.421875,^MXX
2012-02-08,38140.550781,^MXX
2012-02-09,38242.28125,^MXX
2012-02-10,38149.21875,^MXX
2012-02-11,30280.080078,^MXX
2012-02-12,32832.449219,^MXX
2012-02-13,38204.328125,^MXX
2012-02-14,37831.871094,^MXX
2012-02-15,37864.550781,^MXX
2012-02-16,38212.238281,^MXX
2012-02-17,37914.699219,^MXX
2012-02-18,39212.160156,^MXX
2012-02-19,27644.75,^MXX
2012-02-20,38296.679688,^MXX
2012-02-21,37859.480469,^MXX
2012-02-22,37912.550781,^MXX
2012-02-23,38027.839844,^MXX
2012-02-24,37945.21875,^MXX
2012-02-25,31526.169922,^MXX
2012-02-26,34675.53125,^MXX
2012-02-27,37785.71875,^MXX
2012-02-28,38021.421875,^MXX
2012-02-29,37816.691406,^MXX
2012-03-01,38033.449219,^MXX
2012-03-02,38327.429688,^MXX
2012-03-03,37320.96875,^MXX
2012-03-04,25336.330078,^MXX
2012-03-05,38155.269531,^MXX
2012-03-06,37487.628906,^MXX
2012-03-07,37548.539062,^MXX
2012-03-08,37815.429688,^MXX
2012-03-09,37691.011719,^MXX
2012-03-10,19368.099609,^MXX
2012-03-11,30551.470703,^MXX
2012-03-12,37590.171875,^MXX
2012-03-13,38019.761719,^MXX
2012-03-14,37971.441406,^MXX
2012-03-15,38134.570312,^MXX
2012-03-16,38258.449219,^MXX
2012-03-17,44120.988281,^MXX
2012-03-18,41273.019531,^MXX
2012-03-19,23405.929688,^MXX
2012-03-20,38055.269531,^MXX
2012-03-21,38434.511719,^MXX
2012-03-22,38323.511719,^MXX
2012-03-23,38334.898438,^MXX
2012-03-24,45442.980469,^MXX
2012-03-25,37567.390625,^MXX
2012-03-26,38863.148438,^MXX
2012-03-27,38956.320312,^MXX
2012-03-28,38910.679688,^MXX
2012-03-29,39125.351562,^MXX
2012-03-30,39521.238281,^MXX
2012-03-31,37277.558594,^MXX
2012-04-01,31414.210938,^MXX
2012-04-02,39908.539062,^MXX
2012-04-03,39924.929688,^MXX
2012-04-04,39398.878906,^MXX
2012-04-05,18864.869141,^MXX
2012-04-06,44120.988281,^MXX
2012-04-07,30649.439453,^MXX
2012-04-08,26865.039062,^MXX
2012-04-09,39432.148438,^MXX
2012-04-10,39035.171875,^MXX
2012-04-11,39167.140625,^MXX
2012-04-12,39357.808594,^MXX
2012-04-13,38444.011719,^MXX
2012-04-14,27877.330078,^MXX
2012-04-15,32723.900391,^MXX
2012-04-16,39054.839844,^MXX
2012-04-17,39355.171875,^MXX
2012-04-18,39330.121094,^MXX
2012-04-19,39395.640625,^MXX
2012-04-20,39354.859375,^MXX
2012-04-21,30726.300781,^MXX
2012-04-22,34661.78125,^MXX
2012-04-23,38961.789062,^MXX
2012-04-24,38849.078125,^MXX
2012-04-25,39066.011719,^MXX
2012-04-26,39212.160156,^MXX
2012-04-27,39324.140625,^MXX
2012-04-28,36826.929688,^MXX
2012-04-29,38696.238281,^MXX
2012-04-30,39461.00,^MXX
2012-05-01,19620.480469,^MXX
2012-05-02,39597.421875,^MXX
2012-05-03,39580.050781,^MXX
2012-05-04,39408.609375,^MXX
2012-05-05,30881.099609,^MXX
2012-05-06,31796.410156,^MXX
2012-05-07,40045.511719,^MXX
2012-05-08,39214.640625,^MXX
2012-05-09,39122.820312,^MXX
2012-05-10,39170.898438,^MXX
2012-05-11,38888.789062,^MXX
2012-05-12,23711.240234,^MXX
2012-05-13,32806.03125,^MXX
2012-05-14,38352.109375,^MXX
2012-05-15,37939.628906,^MXX
2012-05-16,37511.078125,^MXX
2012-05-17,37261.238281,^MXX
2012-05-18,36875.328125,^MXX
2012-05-19,30551.470703,^MXX
2012-05-20,34470.359375,^MXX
2012-05-21,37512.410156,^MXX
2012-05-22,37481.191406,^MXX
2012-05-23,37422.378906,^MXX
2012-05-24,37553.210938,^MXX
2012-05-25,37486.25,^MXX
2012-05-26,37035.75,^MXX
2012-05-27,22244.609375,^MXX
2012-05-28,37642.800781,^MXX
2012-05-29,38126.851562,^MXX
2012-05-30,38070.671875,^MXX
2012-05-31,37872.949219,^MXX
2012-06-01,37182.371094,^MXX
2012-06-02,35341.269531,^MXX
2012-06-03,33164.328125,^MXX
2012-06-04,37059.78125,^MXX
2012-06-05,37089.359375,^MXX
2012-06-06,37274.789062,^MXX
2012-06-07,37247.339844,^MXX
2012-06-08,37323.910156,^MXX
2012-06-09,31785.990234,^MXX
2012-06-10,31636.210938,^MXX
2012-06-11,37035.75,^MXX
2012-06-12,37271.00,^MXX
2012-06-13,37142.148438,^MXX
2012-06-14,37440.480469,^MXX
2012-06-15,37738.578125,^MXX
2012-06-16,34673.480469,^MXX
2012-06-17,37511.078125,^MXX
2012-06-18,38060.820312,^MXX
2012-06-19,38688.648438,^MXX
2012-06-20,38973.640625,^MXX
2012-06-21,38515.941406,^MXX
2012-06-22,39071.50,^MXX
2012-06-23,23711.240234,^MXX
2012-06-24,31000.939453,^MXX
2012-06-25,39157.511719,^MXX
2012-06-26,39339.148438,^MXX
2012-06-27,39490.679688,^MXX
2012-06-28,39637.660156,^MXX
2012-06-29,40199.550781,^MXX
2012-06-30,33046.691406,^MXX
2012-07-01,31765.140625,^MXX
2012-07-02,40108.921875,^MXX
2012-07-03,40434.710938,^MXX
2012-07-04,40353.429688,^MXX
2012-07-05,40040.691406,^MXX
2012-07-06,39831.648438,^MXX
2012-07-07,36784.269531,^MXX
2012-07-08,35323.601562,^MXX
2012-07-09,39963.261719,^MXX
2012-07-10,40049.589844,^MXX
2012-07-11,40221.800781,^MXX
2012-07-12,40268.410156,^MXX
2012-07-13,40498.46875,^MXX
2012-07-14,31287.039062,^MXX
2012-07-15,39066.011719,^MXX
2012-07-16,40910.800781,^MXX
2012-07-17,41273.019531,^MXX
2012-07-18,40747.46875,^MXX
2012-07-19,40752.53125,^MXX
2012-07-20,40808.730469,^MXX
2012-07-21,26516.50,^MXX
2012-07-22,23468.980469,^MXX
2012-07-23,40947.550781,^MXX
2012-07-24,40697.871094,^MXX
2012-07-25,40435.101562,^MXX
2012-07-26,40977.320312,^MXX
2012-07-27,41476.480469,^MXX
2012-07-28,25735.560547,^MXX
2012-07-29,31391.449219,^MXX
2012-07-30,41333.109375,^MXX
2012-07-31,40704.28125,^MXX
2012-08-01,40805.398438,^MXX
2012-08-02,40759.00,^MXX
2012-08-03,40998.398438,^MXX
2012-08-04,30280.080078,^MXX
2012-08-05,39963.261719,^MXX
2012-08-06,41096.441406,^MXX
2012-08-07,41070.238281,^MXX
2012-08-08,40851.179688,^MXX
2012-08-09,40677.480469,^MXX
2012-08-10,40850.00,^MXX
2012-08-11,32381.550781,^MXX
2012-08-12,22347.169922,^MXX
2012-08-13,40366.269531,^MXX
2012-08-14,40644.96875,^MXX
2012-08-15,40792.589844,^MXX
2012-08-16,40714.871094,^MXX
2012-08-17,40547.488281,^MXX
2012-08-18,37384.339844,^MXX
2012-08-19,19036.230469,^MXX
2012-08-20,40350.00,^MXX
2012-08-21,40096.640625,^MXX
2012-08-22,40027.128906,^MXX
2012-08-23,39879.011719,^MXX
2012-08-24,40211.410156,^MXX
2012-08-25,35130.601562,^MXX
2012-08-26,37321.800781,^MXX
2012-08-27,39972.851562,^MXX
2012-08-28,39950.898438,^MXX
2012-08-29,39908.898438,^MXX
2012-08-30,39925.691406,^MXX
2012-08-31,39421.648438,^MXX
2012-09-01,33142.019531,^MXX
2012-09-02,19565.140625,^MXX
2012-09-03,39802.941406,^MXX
2012-09-04,39549.429688,^MXX
2012-09-05,39573.921875,^MXX
2012-09-06,39987.058594,^MXX
2012-09-07,40043.871094,^MXX
2012-09-08,36689.378906,^MXX
2012-09-09,42900.828125,^MXX
2012-09-10,39991.191406,^MXX
2012-09-11,39998.96875,^MXX
2012-09-12,40248.378906,^MXX
2012-09-13,40655.609375,^MXX
2012-09-14,40693.46875,^MXX
2012-09-15,41421.738281,^MXX
2012-09-16,22174.259766,^MXX
2012-09-17,40621.460938,^MXX
2012-09-18,40590.960938,^MXX
2012-09-19,40941.308594,^MXX
2012-09-20,40500.351562,^MXX
2012-09-21,40338.699219,^MXX
2012-09-22,29401.990234,^MXX
2012-09-23,29318.419922,^MXX
2012-09-24,40561.21875,^MXX
2012-09-25,40215.351562,^MXX
2012-09-26,40332.980469,^MXX
2012-09-27,40729.699219,^MXX
2012-09-28,40799.238281,^MXX
2012-09-29,37903.578125,^MXX
2012-09-30,35891.410156,^MXX
2012-10-01,41124.558594,^MXX
2012-10-02,41199.289062,^MXX
2012-10-03,41004.839844,^MXX
2012-10-04,41421.738281,^MXX
2012-10-05,41934.078125,^MXX
2012-10-06,32286.080078,^MXX
2012-10-07,37739.078125,^MXX
2012-10-08,41756.960938,^MXX
2012-10-09,41755.160156,^MXX
2012-10-10,41470.050781,^MXX
2012-10-11,41745.390625,^MXX
2012-10-12,41665.480469,^MXX
2012-10-13,39125.351562,^MXX
2012-10-14,34452.210938,^MXX
2012-10-15,42008.550781,^MXX
2012-10-16,42518.351562,^MXX
2012-10-17,42559.980469,^MXX
2012-10-18,42592.78125,^MXX
2012-10-19,42386.828125,^MXX
2012-10-20,33361.269531,^MXX
2012-10-21,32665.560547,^MXX
2012-10-22,42122.25,^MXX
2012-10-23,42041.140625,^MXX
2012-10-24,42095.160156,^MXX
2012-10-25,41877.269531,^MXX
2012-10-26,41836.921875,^MXX
2012-10-27,31755.349609,^MXX
2012-10-28,42041.140625,^MXX
2012-10-29,41817.109375,^MXX
2012-10-30,41599.00,^MXX
2012-10-31,41619.960938,^MXX
2012-11-01,41761.78125,^MXX
2012-11-02,19565.140625,^MXX
2012-11-03,23430.240234,^MXX
2012-11-04,36446.558594,^MXX
2012-11-05,41722.140625,^MXX
2012-11-06,41720.621094,^MXX
2012-11-07,41010.980469,^MXX
2012-11-08,40830.648438,^MXX
2012-11-09,40677.070312,^MXX
2012-11-10,33207.210938,^MXX
2012-11-11,45019.210938,^MXX
2012-11-12,40859.898438,^MXX
2012-11-13,41078.50,^MXX
2012-11-14,40750.421875,^MXX
2012-11-15,40573.660156,^MXX
2012-11-16,40830.601562,^MXX
2012-11-17,37277.558594,^MXX
2012-11-18,19795.25,^MXX
2012-11-19,19650.859375,^MXX
2012-11-20,41184.00,^MXX
2012-11-21,41668.058594,^MXX
2012-11-22,42032.351562,^MXX
2012-11-23,41919.550781,^MXX
2012-11-24,32832.449219,^MXX
2012-11-25,40747.46875,^MXX
2012-11-26,41878.269531,^MXX
2012-11-27,41769.378906,^MXX
2012-11-28,41912.949219,^MXX
2012-11-29,42090.691406,^MXX
2012-11-30,41833.519531,^MXX
2012-12-01,35969.609375,^MXX
2012-12-02,18741.269531,^MXX
2012-12-03,42323.839844,^MXX
2012-12-04,42337.820312,^MXX
2012-12-05,42416.289062,^MXX
2012-12-06,42589.679688,^MXX
2012-12-07,42797.671875,^MXX
2012-12-08,41817.109375,^MXX
2012-12-09,44562.328125,^MXX
2012-12-10,43134.511719,^MXX
2012-12-11,43183.28125,^MXX
2012-12-12,35376.71875,^MXX
2012-12-13,43006.308594,^MXX
2012-12-14,43050.921875,^MXX
2012-12-15,31995.279297,^MXX
2012-12-16,35148.910156,^MXX
2012-12-17,43338.328125,^MXX
2012-12-18,43825.96875,^MXX
2012-12-19,43647.988281,^MXX
2012-12-20,43637.679688,^MXX
2012-12-21,43621.621094,^MXX
2012-12-22,35325.089844,^MXX
2012-12-23,40096.640625,^MXX
2012-12-24,43533.449219,^MXX
2012-12-25,32417.330078,^MXX
2012-12-26,43495.738281,^MXX
2012-12-27,43469.890625,^MXX
2012-12-28,43721.929688,^MXX
2012-12-29,19036.230469,^MXX
2012-12-30,33439.769531,^MXX
2012-12-31,43705.828125,^MXX
2013-01-01,36767.859375,^MXX
2013-01-02,44304.171875,^MXX
2013-01-03,44370.640625,^MXX
2013-01-04,44562.328125,^MXX
2013-01-05,25336.330078,^MXX
2013-01-06,35555.828125,^MXX
2013-01-07,44625.929688,^MXX
2013-01-08,44571.199219,^MXX
2013-01-09,44862.539062,^MXX
2013-01-10,44859.800781,^MXX
2013-01-11,44888.128906,^MXX
2013-01-12,37195.730469,^MXX
2013-01-13,31038.320312,^MXX
2013-01-14,44862.921875,^MXX
2013-01-15,44748.058594,^MXX
2013-01-16,44865.300781,^MXX
2013-01-17,44943.339844,^MXX
2013-01-18,45212.53125,^MXX
2013-01-19,20884.740234,^MXX
2013-01-20,40434.710938,^MXX
2013-01-21,45223.851562,^MXX
2013-01-22,45320.300781,^MXX
2013-01-23,45442.980469,^MXX
2013-01-24,45428.699219,^MXX
2013-01-25,45575.859375,^MXX
2013-01-26,18578.380859,^MXX
2013-01-27,37914.699219,^MXX
2013-01-28,45912.511719,^MXX
2013-01-29,45907.980469,^MXX
2013-01-30,45753.179688,^MXX
2013-01-31,45278.058594,^MXX
2013-02-01,45768.488281,^MXX
2013-02-02,21918.599609,^MXX
2013-02-03,35262.898438,^MXX
2013-02-04,45768.488281,^MXX
2013-02-05,45688.121094,^MXX
2013-02-06,45570.710938,^MXX
2013-02-07,45019.210938,^MXX
2013-02-08,45089.359375,^MXX
2013-02-09,30775.449219,^MXX
2013-02-10,30762.160156,^MXX
2013-02-11,45063.878906,^MXX
2013-02-12,44873.441406,^MXX
2013-02-13,44096.269531,^MXX
2013-02-14,43878.28125,^MXX
2013-02-15,44152.960938,^MXX
2013-02-16,37590.671875,^MXX
2013-02-17,31417.830078,^MXX
2013-02-18,44141.921875,^MXX
2013-02-19,44639.761719,^MXX
2013-02-20,44299.558594,^MXX
2013-02-21,44136.601562,^MXX
2013-02-22,43875.730469,^MXX
2013-02-23,36826.929688,^MXX
2013-02-24,31492.640625,^MXX
2013-02-25,43497.199219,^MXX
2013-02-26,43489.199219,^MXX
2013-02-27,43772.890625,^MXX
2013-02-28,44120.988281,^MXX
2013-03-01,43995.71875,^MXX
2013-03-02,36688.121094,^MXX
2013-03-03,38070.191406,^MXX
2013-03-04,43871.308594,^MXX
2013-03-05,44017.121094,^MXX
2013-03-06,44159.648438,^MXX
2013-03-07,43968.601562,^MXX
2013-03-08,44322.511719,^MXX
2013-03-09,32861.00,^MXX
2013-03-10,25552.490234,^MXX
2013-03-11,44013.300781,^MXX
2013-03-12,43965.410156,^MXX
2013-03-13,43278.109375,^MXX
2013-03-14,43348.519531,^MXX
2013-03-15,42605.050781,^MXX
2013-03-16,37142.148438,^MXX
2013-03-17,23955.669922,^MXX
2013-03-18,30761.759766,^MXX
2013-03-19,42060.609375,^MXX
2013-03-20,42497.96875,^MXX
2013-03-21,42531.070312,^MXX
2013-03-22,42686.679688,^MXX
2013-03-23,37077.519531,^MXX
2013-03-24,32185.199219,^MXX
2013-03-25,42900.828125,^MXX
2013-03-26,43664.730469,^MXX
2013-03-27,44077.089844,^MXX
2013-03-28,37894.339844,^MXX
2013-03-29,40215.351562,^MXX
2013-03-30,29401.990234,^MXX
2013-03-31,35832.789062,^MXX
2013-04-01,43932.519531,^MXX
