date,exchange_rate,peso
2008-04-01,10.60088,MXN
2008-04-02,10.55244,MXN
2008-04-03,10.567507,MXN
2008-04-04,10.567326,MXN
2008-04-05,10.689,MXN
2008-04-06,10.689,MXN
2008-04-07,10.540252,MXN
2008-04-08,10.561253,MXN
2008-04-09,10.557661,MXN
2008-04-10,10.549229,MXN
2008-04-11,10.527939,MXN
2008-04-12,10.533702,MXN
2008-04-13,10.533702,MXN
2008-04-14,10.4895,MXN
2008-04-15,10.485431,MXN
2008-04-16,10.462568,MXN
2008-04-17,10.479327,MXN
2008-04-18,10.461547,MXN
2008-04-19,10.460973,MXN
2008-04-20,10.540252,MXN
2008-04-21,10.922554,MXN
2008-04-22,10.465,MXN
2008-04-23,9.9408,MXN
2008-04-24,10.492409,MXN
2008-04-25,10.467948,MXN
2008-04-26,10.4613,MXN
2008-04-27,10.4613,MXN
2008-04-28,10.443065,MXN
2008-04-29,10.529753,MXN
2008-04-30,10.509442,MXN
2008-05-01,10.486693,MXN
2008-05-02,10.455114,MXN
2008-05-03,10.46345,MXN
2008-05-04,10.465,MXN
2008-05-05,10.469484,MXN
2008-05-06,10.492409,MXN
2008-05-07,10.536,MXN
2008-05-08,10.535753,MXN
2008-05-09,10.57102,MXN
2008-05-10,10.5655,MXN
2008-05-11,10.5655,MXN
2008-05-12,10.484759,MXN
2008-05-13,10.486626,MXN
2008-05-14,10.48845,MXN
2008-05-15,10.486497,MXN
2008-05-16,10.427493,MXN
2008-05-17,10.426636,MXN
2008-05-18,10.4062,MXN
2008-05-19,10.376071,MXN
2008-05-20,10.398738,MXN
2008-05-21,10.36573,MXN
2008-05-22,10.384812,MXN
2008-05-23,10.395012,MXN
2008-05-24,10.3895,MXN
2008-05-25,10.3889,MXN
2008-05-26,10.379835,MXN
2008-05-27,10.394333,MXN
2008-05-28,10.340184,MXN
2008-05-29,10.30627,MXN
2008-05-30,10.328802,MXN
2008-05-31,10.3167,MXN
2008-06-01,10.3167,MXN
2008-06-02,10.33558,MXN
2008-06-03,10.288103,MXN
2008-06-04,10.318027,MXN
2008-06-05,10.309635,MXN
2008-06-06,10.368324,MXN
2008-06-07,10.358163,MXN
2008-06-08,10.358163,MXN
2008-06-09,10.359658,MXN
2008-06-10,10.387911,MXN
2008-06-11,10.435504,MXN
2008-06-12,10.386734,MXN
2008-06-13,10.366239,MXN
2008-06-14,10.357812,MXN
2008-06-15,10.3635,MXN
2008-06-16,10.331572,MXN
2008-06-17,10.31467,MXN
2008-06-18,10.294611,MXN
2008-06-19,10.31544,MXN
2008-06-20,10.274626,MXN
2008-06-21,10.275299,MXN
2008-06-22,10.3065,MXN
2008-06-23,10.297101,MXN
2008-06-24,10.294677,MXN
2008-06-25,10.290563,MXN
2008-06-26,10.269898,MXN
2008-06-27,10.300721,MXN
2008-06-28,10.2825,MXN
2008-06-29,10.2927,MXN
2008-06-30,10.304316,MXN
2008-07-01,10.385617,MXN
2008-07-02,10.370835,MXN
2008-07-03,10.367311,MXN
2008-07-04,10.333249,MXN
2008-07-05,10.3348,MXN
2008-07-06,10.3435,MXN
2008-07-07,10.318204,MXN
2008-07-08,10.335485,MXN
2008-07-09,10.302606,MXN
2008-07-10,10.303216,MXN
2008-07-11,10.307521,MXN
2008-07-12,10.2875,MXN
2008-07-13,10.2875,MXN
2008-07-14,10.295353,MXN
2008-07-15,10.320009,MXN
2008-07-16,10.258303,MXN
2008-07-17,10.228598,MXN
2008-07-18,10.202893,MXN
2008-07-19,10.174999,MXN
2008-07-20,10.174999,MXN
2008-07-21,10.170612,MXN
2008-07-22,10.125444,MXN
2008-07-23,10.050704,MXN
2008-07-24,10.027295,MXN
2008-07-25,10.025417,MXN
2008-07-26,10.09875,MXN
2008-07-27,10.098759,MXN
2008-07-28,10.073398,MXN
2008-07-29,10.0552,MXN
2008-07-30,10.033454,MXN
2008-07-31,10.040882,MXN
2008-08-01,9.970016,MXN
2008-08-02,9.9408,MXN
2008-08-03,9.93525,MXN
2008-08-04,9.9335,MXN
2008-08-05,9.91456,MXN
2008-08-06,9.952165,MXN
2008-08-07,10.005228,MXN
2008-08-08,10.125528,MXN
2008-08-09,10.156799,MXN
2008-08-10,10.156799,MXN
2008-08-11,10.135844,MXN
2008-08-12,10.1645,MXN
2008-08-13,10.20341,MXN
2008-08-14,10.169457,MXN
2008-08-15,10.205654,MXN
2008-08-16,10.1895,MXN
2008-08-17,10.186915,MXN
2008-08-18,10.140916,MXN
2008-08-19,10.188068,MXN
2008-08-20,10.139228,MXN
2008-08-21,10.105162,MXN
2008-08-22,10.11601,MXN
2008-08-23,10.144951,MXN
2008-08-24,10.155,MXN
2008-08-25,10.120214,MXN
2008-08-26,10.176844,MXN
2008-08-27,10.143432,MXN
2008-08-28,10.20418,MXN
2008-08-29,10.299353,MXN
2008-08-30,10.2885,MXN
2008-08-31,10.285437,MXN
2008-09-01,10.347255,MXN
2008-09-02,10.385118,MXN
2008-09-03,10.382421,MXN
2008-09-04,10.467993,MXN
2008-09-05,10.495351,MXN
2008-09-06,10.459,MXN
2008-09-07,10.459,MXN
2008-09-08,10.516805,MXN
2008-09-09,10.511579,MXN
2008-09-10,10.594516,MXN
2008-09-11,10.658059,MXN
2008-09-12,10.573425,MXN
2008-09-13,10.593336,MXN
2008-09-14,10.59535,MXN
2008-09-15,10.709802,MXN
2008-09-16,10.733496,MXN
2008-09-17,10.892026,MXN
2008-09-18,10.851691,MXN
2008-09-19,13.506103,MXN
2008-09-20,10.6515,MXN
2008-09-21,10.462568,MXN
2008-09-22,13.4505,MXN
2008-09-23,13.466503,MXN
2008-09-24,13.098313,MXN
2008-09-25,10.467993,MXN
2008-09-26,10.340184,MXN
2008-09-27,13.594832,MXN
2008-09-28,10.78075,MXN
2008-09-29,10.922554,MXN
2008-09-30,10.974558,MXN
2008-10-01,10.967693,MXN
2008-10-02,11.112217,MXN
2008-10-03,11.123704,MXN
2008-10-04,11.146291,MXN
2008-10-05,11.2475,MXN
2008-10-06,11.70618,MXN
2008-10-07,12.115853,MXN
2008-10-08,13.163032,MXN
2008-10-09,12.368509,MXN
2008-10-10,12.990307,MXN
2008-10-11,13.086666,MXN
2008-10-12,13.086666,MXN
2008-10-13,12.347432,MXN
2008-10-14,12.426257,MXN
2008-10-15,12.737969,MXN
2008-10-16,13.107659,MXN
2008-10-17,12.830762,MXN
2008-10-18,12.865,MXN
2008-10-19,12.7324,MXN
2008-10-20,12.784872,MXN
2008-10-21,13.167351,MXN
2008-10-22,13.594832,MXN
2008-10-23,13.612711,MXN
2008-10-24,13.317437,MXN
2008-10-25,13.4455,MXN
2008-10-26,13.4455,MXN
2008-10-27,13.286084,MXN
2008-10-28,13.366934,MXN
2008-10-29,12.921824,MXN
2008-10-30,12.861721,MXN
2008-10-31,12.673528,MXN
2008-11-01,12.825,MXN
2008-11-02,12.825,MXN
2008-11-03,12.791801,MXN
2008-11-04,12.471683,MXN
2008-11-05,12.63819,MXN
2008-11-06,12.975674,MXN
2008-11-07,12.851941,MXN
2008-11-08,12.842497,MXN
2008-11-09,12.805,MXN
2008-11-10,12.81573,MXN
2008-11-11,12.982006,MXN
2008-11-12,13.098313,MXN
2008-11-13,13.286397,MXN
2008-11-14,12.995671,MXN
2008-11-15,13.059999,MXN
2008-11-16,13.1205,MXN
2008-11-17,13.086425,MXN
2008-11-18,13.140001,MXN
2008-11-19,13.152816,MXN
2008-11-20,13.561705,MXN
2008-11-21,13.942735,MXN
2008-11-22,13.7,MXN
2008-11-23,13.7309,MXN
2008-11-24,13.457423,MXN
2008-11-25,13.274104,MXN
2008-11-26,13.22274,MXN
2008-11-27,13.231323,MXN
2008-11-28,13.392958,MXN
2008-11-29,13.485,MXN
2008-11-30,13.483132,MXN
2008-12-01,13.564994,MXN
2008-12-02,13.466503,MXN
2008-12-03,13.552851,MXN
2008-12-04,13.508459,MXN
2008-12-05,13.79588,MXN
2008-12-06,13.596001,MXN
2008-12-07,13.596001,MXN
2008-12-08,13.459241,MXN
2008-12-09,13.506103,MXN
2008-12-10,13.468847,MXN
2008-12-11,13.105004,MXN
2008-12-12,13.520617,MXN
2008-12-13,13.59,MXN
2008-12-14,13.5253,MXN
2008-12-15,13.307129,MXN
2008-12-16,13.21615,MXN
2008-12-17,13.168722,MXN
2008-12-18,13.188852,MXN
2008-12-19,13.123976,MXN
2008-12-20,13.119656,MXN
2008-12-21,13.119656,MXN
2008-12-22,13.186615,MXN
2008-12-23,13.21764,MXN
2008-12-24,13.336561,MXN
2008-12-25,13.341249,MXN
2008-12-26,13.365319,MXN
2008-12-27,13.4505,MXN
2008-12-28,13.4505,MXN
2008-12-29,13.527544,MXN
2008-12-30,13.76916,MXN
2008-12-31,13.834658,MXN
2009-01-01,13.675,MXN
2009-01-02,13.777333,MXN
2009-01-03,13.765051,MXN
2009-01-04,13.775,MXN
2009-01-05,13.535139,MXN
2009-01-06,13.329951,MXN
2009-01-07,13.405632,MXN
2009-01-08,13.495564,MXN
2009-01-09,13.709928,MXN
2009-01-10,13.700806,MXN
2009-01-11,13.700806,MXN
2009-01-12,13.774173,MXN
2009-01-13,13.839313,MXN
2009-01-14,14.077826,MXN
2009-01-15,14.15926,MXN
2009-01-16,13.930985,MXN
2009-01-17,13.9149,MXN
2009-01-18,13.9149,MXN
2009-01-19,13.963317,MXN
2009-01-20,13.916294,MXN
2009-01-21,13.917999,MXN
2009-01-22,13.973552,MXN
2009-01-23,14.072505,MXN
2009-01-24,14.0242,MXN
2009-01-25,14.0242,MXN
2009-01-26,13.950089,MXN
2009-01-27,14.189548,MXN
2009-01-28,14.124758,MXN
2009-01-29,14.209439,MXN
2009-01-30,14.327516,MXN
2009-01-31,14.337151,MXN
2009-02-01,14.335,MXN
2009-02-02,14.496562,MXN
2009-02-03,14.581257,MXN
2009-02-04,14.462312,MXN
2009-02-05,14.316875,MXN
2009-02-06,14.173056,MXN
2009-02-07,14.177845,MXN
2009-02-08,14.177845,MXN
2009-02-09,14.135285,MXN
2009-02-10,14.378633,MXN
2009-02-11,14.524208,MXN
2009-02-12,14.584458,MXN
2009-02-13,14.46549,MXN
2009-02-14,14.432605,MXN
2009-02-15,14.432605,MXN
2009-02-16,14.535481,MXN
2009-02-17,14.625227,MXN
2009-02-18,14.658327,MXN
2009-02-19,14.593395,MXN
2009-02-20,14.839902,MXN
2009-02-21,14.816268,MXN
2009-02-22,14.8655,MXN
2009-02-23,14.864534,MXN
2009-02-24,14.83897,MXN
2009-02-25,14.928579,MXN
2009-02-26,14.966915,MXN
2009-02-27,15.092083,MXN
2009-02-28,15.255501,MXN
2009-03-01,15.2555,MXN
2009-03-02,15.410616,MXN
2009-03-03,15.34483,MXN
2009-03-04,15.172032,MXN
2009-03-05,15.314462,MXN
2009-03-06,15.252574,MXN
2009-03-07,15.26324,MXN
2009-03-08,14.8505,MXN
2009-03-09,15.385392,MXN
2009-03-10,15.285789,MXN
2009-03-11,15.167145,MXN
2009-03-12,14.920617,MXN
2009-03-13,14.58822,MXN
2009-03-14,14.5234,MXN
2009-03-15,14.565,MXN
2009-03-16,13.295502,MXN
2009-03-17,14.028198,MXN
2009-03-18,14.13734,MXN
2009-03-19,14.047399,MXN
2009-03-20,14.125036,MXN
2009-03-21,14.147972,MXN
2009-03-22,14.147972,MXN
2009-03-23,14.277762,MXN
2009-03-24,14.303766,MXN
2009-03-25,14.221827,MXN
2009-03-26,14.229828,MXN
2009-03-27,14.313165,MXN
2009-03-28,14.331764,MXN
2009-03-29,14.331764,MXN
2009-03-30,14.382605,MXN
2009-03-31,14.20579,MXN
2009-04-01,13.887905,MXN
2009-04-02,13.831117,MXN
2009-04-03,13.628165,MXN
2009-04-04,13.560241,MXN
2009-04-05,13.561161,MXN
2009-04-06,13.660987,MXN
2009-04-07,13.565554,MXN
2009-04-08,13.359029,MXN
2009-04-09,13.168297,MXN
2009-04-10,13.131976,MXN
2009-04-11,13.108737,MXN
2009-04-12,13.150973,MXN
2009-04-13,13.091344,MXN
2009-04-14,13.081059,MXN
2009-04-15,13.163926,MXN
2009-04-16,13.046811,MXN
2009-04-17,13.132343,MXN
2009-04-18,13.134564,MXN
2009-04-19,13.134564,MXN
2009-04-20,13.325876,MXN
2009-04-21,13.118298,MXN
2009-04-22,13.1192,MXN
2009-04-23,13.330998,MXN
2009-04-24,13.240752,MXN
2009-04-25,13.336001,MXN
2009-04-26,13.336001,MXN
2009-04-27,13.7747,MXN
2009-04-28,13.8931,MXN
2009-04-29,13.571781,MXN
2009-04-30,13.803651,MXN
2009-05-01,13.816655,MXN
2009-05-02,13.802622,MXN
2009-05-03,13.802622,MXN
2009-05-04,13.308922,MXN
2009-05-05,13.208547,MXN
2009-05-06,13.197999,MXN
2009-05-07,13.084677,MXN
2009-05-08,13.096809,MXN
2009-05-09,13.025922,MXN
2009-05-10,13.025922,MXN
2009-05-11,13.105052,MXN
2009-05-12,13.232777,MXN
2009-05-13,13.312284,MXN
2009-05-14,13.302816,MXN
2009-05-15,13.207887,MXN
2009-05-16,13.2666,MXN
2009-05-17,13.267368,MXN
2009-05-18,13.110427,MXN
2009-05-19,12.949836,MXN
2009-05-20,12.88184,MXN
2009-05-21,13.08546,MXN
2009-05-22,13.170176,MXN
2009-05-23,13.172859,MXN
2009-05-24,13.172859,MXN
2009-05-25,13.124468,MXN
2009-05-26,13.131632,MXN
2009-05-27,13.15131,MXN
2009-05-28,13.226323,MXN
2009-05-29,13.188095,MXN
2009-05-30,13.122499,MXN
2009-05-31,13.122499,MXN
2009-06-01,13.158189,MXN
2009-06-02,13.279908,MXN
2009-06-03,13.305175,MXN
2009-06-04,13.253388,MXN
2009-06-05,13.298623,MXN
2009-06-06,13.301451,MXN
2009-06-07,13.301451,MXN
2009-06-08,13.460397,MXN
2009-06-09,13.495825,MXN
2009-06-10,13.634662,MXN
2009-06-11,13.438723,MXN
2009-06-12,13.401704,MXN
2009-06-13,13.399718,MXN
2009-06-14,13.399718,MXN
2009-06-15,13.42577,MXN
2009-06-16,13.339684,MXN
2009-06-17,13.476126,MXN
2009-06-18,13.34405,MXN
2009-06-19,13.340526,MXN
2009-06-20,13.351135,MXN
2009-06-21,13.352026,MXN
2009-06-22,13.376738,MXN
2009-06-23,13.318328,MXN
2009-06-24,13.289776,MXN
2009-06-25,13.285786,MXN
2009-06-26,13.243214,MXN
2009-06-27,13.200449,MXN
2009-06-28,13.200449,MXN
2009-06-29,13.1814,MXN
2009-06-30,13.171821,MXN
2009-07-01,13.100708,MXN
2009-07-02,13.159147,MXN
2009-07-03,13.255052,MXN
2009-07-04,13.219644,MXN
2009-07-05,13.219644,MXN
2009-07-06,13.251751,MXN
2009-07-07,13.266255,MXN
2009-07-08,13.472856,MXN
2009-07-09,13.554414,MXN
2009-07-10,12.983569,MXN
2009-07-11,13.690001,MXN
2009-07-12,13.400391,MXN
2009-07-13,12.88184,MXN
2009-07-14,13.108737,MXN
2009-07-15,13.402667,MXN
2009-07-16,13.571497,MXN
2009-07-17,13.39376,MXN
2009-07-18,13.4165,MXN
2009-07-19,13.4165,MXN
2009-07-20,13.317201,MXN
2009-07-21,13.310236,MXN
2009-07-22,13.232337,MXN
2009-07-23,13.161578,MXN
2009-07-24,13.217284,MXN
2009-07-25,13.224685,MXN
2009-07-26,13.224685,MXN
2009-07-27,13.220904,MXN
2009-07-28,13.286792,MXN
2009-07-29,13.270545,MXN
2009-07-30,13.216024,MXN
2009-07-31,13.20945,MXN
2009-08-01,13.212518,MXN
2009-08-02,13.212518,MXN
2009-08-03,13.129271,MXN
2009-08-04,13.100839,MXN
2009-08-05,13.110099,MXN
2009-08-06,12.999865,MXN
2009-08-07,12.932638,MXN
2009-08-08,12.952499,MXN
2009-08-09,12.9441,MXN
2009-08-10,12.915489,MXN
2009-08-11,12.991726,MXN
2009-08-12,12.967709,MXN
2009-08-13,12.872108,MXN
2009-08-14,12.878354,MXN
2009-08-15,12.876637,MXN
2009-08-16,12.876637,MXN
2009-08-17,12.987187,MXN
2009-08-18,12.943302,MXN
2009-08-19,12.88214,MXN
2009-08-20,12.866383,MXN
2009-08-21,12.81747,MXN
2009-08-22,12.822757,MXN
2009-08-23,12.83155,MXN
2009-08-24,12.848256,MXN
2009-08-25,12.92858,MXN
2009-08-26,13.15822,MXN
2009-08-27,13.232146,MXN
2009-08-28,13.263885,MXN
2009-08-29,13.257967,MXN
2009-08-30,13.257967,MXN
2009-08-31,13.337319,MXN
2009-09-01,13.566688,MXN
2009-09-02,13.576109,MXN
2009-09-03,13.569872,MXN
2009-09-04,13.427366,MXN
2009-09-05,13.465848,MXN
2009-09-06,13.465848,MXN
2009-09-07,13.352003,MXN
2009-09-08,13.295502,MXN
2009-09-09,13.432995,MXN
2009-09-10,13.402667,MXN
2009-09-11,13.329605,MXN
2009-09-12,13.343161,MXN
2009-09-13,13.33855,MXN
2009-09-14,13.400391,MXN
2009-09-15,13.339418,MXN
2009-09-16,13.181887,MXN
2009-09-17,13.246041,MXN
2009-09-18,13.250335,MXN
2009-09-19,13.25685,MXN
2009-09-20,13.25685,MXN
2009-09-21,13.339795,MXN
2009-09-22,13.300103,MXN
2009-09-23,13.34683,MXN
2009-09-24,13.464501,MXN
2009-09-25,13.525709,MXN
2009-09-26,13.524296,MXN
2009-09-27,13.605525,MXN
2009-09-28,13.485668,MXN
2009-09-29,13.5517,MXN
2009-09-30,13.482379,MXN
2009-10-01,13.649494,MXN
2009-10-02,13.668574,MXN
2009-10-03,13.6261,MXN
2009-10-04,13.625025,MXN
2009-10-05,13.660281,MXN
2009-10-06,13.488758,MXN
2009-10-07,13.469334,MXN
2009-10-08,13.321646,MXN
2009-10-09,13.26284,MXN
2009-10-10,13.254945,MXN
2009-10-11,13.254945,MXN
2009-10-12,13.217261,MXN
2009-10-13,13.16187,MXN
2009-10-14,13.063604,MXN
2009-10-15,13.09072,MXN
2009-10-16,13.081442,MXN
2009-10-17,13.105696,MXN
2009-10-18,13.105696,MXN
2009-10-19,13.084556,MXN
2009-10-20,12.960802,MXN
2009-10-21,12.906905,MXN
2009-10-22,12.953294,MXN
2009-10-23,13.018881,MXN
2009-10-24,12.979804,MXN
2009-10-25,12.979804,MXN
2009-10-26,13.122534,MXN
2009-10-27,13.233032,MXN
2009-10-28,13.282357,MXN
2009-10-29,13.160573,MXN
2009-10-30,13.15666,MXN
2009-10-31,13.147891,MXN
2009-11-01,13.147891,MXN
2009-11-02,13.094709,MXN
2009-11-03,13.318466,MXN
2009-11-04,13.293986,MXN
2009-11-05,13.350548,MXN
2009-11-06,13.377841,MXN
2009-11-07,13.41005,MXN
2009-11-08,13.415,MXN
2009-11-09,13.30689,MXN
2009-11-10,13.243924,MXN
2009-11-11,13.163004,MXN
2009-11-12,13.254841,MXN
2009-11-13,13.075402,MXN
2009-11-14,14.335,MXN
2009-11-15,12.897874,MXN
2009-11-16,12.875561,MXN
2009-11-17,13.161578,MXN
2009-11-18,14.316875,MXN
2009-11-19,13.108737,MXN
2009-11-20,13.709928,MXN
2009-11-21,13.150973,MXN
2009-11-22,13.089469,MXN
2009-11-23,13.009571,MXN
2009-11-24,12.93398,MXN
2009-11-25,12.858415,MXN
2009-11-26,12.994956,MXN
2009-11-27,12.917469,MXN
2009-11-28,12.94195,MXN
2009-11-29,12.94195,MXN
2009-11-30,12.918523,MXN
2009-12-01,12.855907,MXN
2009-12-02,12.775959,MXN
2009-12-03,12.638263,MXN
2009-12-04,12.634954,MXN
2009-12-05,12.6643,MXN
2009-12-06,12.66,MXN
2009-12-07,12.645602,MXN
2009-12-08,12.843531,MXN
2009-12-09,12.969506,MXN
2009-12-10,12.983569,MXN
2009-12-11,12.936451,MXN
2009-12-12,12.925309,MXN
2009-12-13,12.925309,MXN
2009-12-14,12.783813,MXN
2009-12-15,12.71544,MXN
2009-12-16,12.70712,MXN
2009-12-17,12.960165,MXN
2009-12-18,12.875561,MXN
2009-12-19,12.897874,MXN
2009-12-20,12.897874,MXN
2009-12-21,12.82502,MXN
2009-12-22,12.953282,MXN
2009-12-23,12.884977,MXN
2009-12-24,12.884405,MXN
2009-12-25,12.895,MXN
2009-12-26,12.895,MXN
2009-12-27,12.895,MXN
2009-12-28,12.938526,MXN
2009-12-29,13.078298,MXN
2009-12-30,13.072791,MXN
2009-12-31,13.062066,MXN
2010-01-01,13.096,MXN
2010-01-02,13.0903,MXN
2010-01-03,13.0903,MXN
2010-01-04,12.912778,MXN
2010-01-05,12.822622,MXN
2010-01-06,12.741108,MXN
2010-01-07,12.758679,MXN
2010-01-08,12.728556,MXN
2010-01-09,12.706,MXN
2010-01-10,12.706,MXN
2010-01-11,12.668294,MXN
2010-01-12,12.713447,MXN
2010-01-13,12.766136,MXN
2010-01-14,12.722625,MXN
2010-01-15,12.685113,MXN
2010-01-16,12.69725,MXN
2010-01-17,12.69725,MXN
2010-01-18,12.661272,MXN
2010-01-19,12.64951,MXN
2010-01-20,12.769913,MXN
2010-01-21,12.788946,MXN
2010-01-22,12.932615,MXN
2010-01-23,12.97725,MXN
2010-01-24,12.97725,MXN
2010-01-25,12.912004,MXN
2010-01-26,12.833237,MXN
2010-01-27,12.928942,MXN
2010-01-28,13.031903,MXN
2010-01-29,13.026017,MXN
2010-01-30,13.095,MXN
2010-01-31,13.095,MXN
2010-02-01,12.943048,MXN
2010-02-02,12.864072,MXN
2010-02-03,12.971905,MXN
2010-02-04,13.091135,MXN
2010-02-05,13.196647,MXN
2010-02-06,13.1453,MXN
2010-02-07,13.1453,MXN
2010-02-08,13.145646,MXN
2010-02-09,13.068921,MXN
2010-02-10,13.053624,MXN
2010-02-11,13.046003,MXN
2010-02-12,12.983255,MXN
2010-02-13,12.93935,MXN
2010-02-14,13.015,MXN
2010-02-15,12.936108,MXN
2010-02-16,12.852533,MXN
2010-02-17,12.879203,MXN
2010-02-18,12.846839,MXN
2010-02-19,12.825764,MXN
2010-02-20,12.808175,MXN
2010-02-21,12.808175,MXN
2010-02-22,12.800932,MXN
2010-02-23,12.85482,MXN
2010-02-24,12.84698,MXN
2010-02-25,12.858147,MXN
2010-02-26,12.758977,MXN
2010-02-27,12.77845,MXN
2010-02-28,12.77845,MXN
2010-03-01,12.742444,MXN
2010-03-02,12.715219,MXN
2010-03-03,12.688373,MXN
2010-03-04,12.720033,MXN
2010-03-05,12.659975,MXN
2010-03-06,12.632775,MXN
2010-03-07,12.632775,MXN
2010-03-08,12.666042,MXN
2010-03-09,12.633037,MXN
2010-03-10,12.596735,MXN
2010-03-11,12.613097,MXN
2010-03-12,12.547018,MXN
2010-03-13,12.545,MXN
2010-03-14,12.545,MXN
2010-03-15,12.562804,MXN
2010-03-16,12.521426,MXN
2010-03-17,12.482558,MXN
2010-03-18,12.467574,MXN
2010-03-19,12.564006,MXN
2010-03-20,12.573,MXN
2010-03-21,12.573,MXN
2010-03-22,12.618397,MXN
2010-03-23,12.526917,MXN
2010-03-24,12.535129,MXN
2010-03-25,12.493909,MXN
2010-03-26,12.543013,MXN
2010-03-27,12.491,MXN
2010-03-28,12.50105,MXN
2010-03-29,12.462382,MXN
2010-03-30,12.413933,MXN
2010-03-31,12.301108,MXN
2010-04-01,12.299731,MXN
2010-04-02,12.298433,MXN
2010-04-03,12.2881,MXN
2010-04-04,12.2881,MXN
2010-04-05,12.273099,MXN
2010-04-06,12.245645,MXN
2010-04-07,12.22874,MXN
2010-04-08,12.238227,MXN
2010-04-09,12.189343,MXN
2010-04-10,12.165,MXN
2010-04-11,12.165,MXN
2010-04-12,12.169553,MXN
2010-04-13,12.205292,MXN
2010-04-14,12.186513,MXN
2010-04-15,12.199874,MXN
2010-04-16,12.272443,MXN
2010-04-17,12.259,MXN
2010-04-18,12.259,MXN
2010-04-19,12.334014,MXN
2010-04-20,12.222097,MXN
2010-04-21,12.177075,MXN
2010-04-22,12.264922,MXN
2010-04-23,12.202517,MXN
2010-04-24,12.200001,MXN
2010-04-25,12.200001,MXN
2010-04-26,12.157647,MXN
2010-04-27,12.274542,MXN
2010-04-28,12.414267,MXN
2010-04-29,12.234527,MXN
2010-04-30,12.229539,MXN
2010-05-01,12.301,MXN
2010-05-02,12.301,MXN
2010-05-03,12.266026,MXN
2010-05-04,12.4525,MXN
2010-05-05,13.0903,MXN
2010-05-06,12.97789,MXN
2010-05-07,12.596735,MXN
2010-05-08,12.800378,MXN
2010-05-09,13.026017,MXN
2010-05-10,12.544615,MXN
2010-05-11,12.500812,MXN
2010-05-12,12.442162,MXN
2010-05-13,12.351988,MXN
2010-05-14,12.590479,MXN
2010-05-15,12.576,MXN
2010-05-16,12.576,MXN
2010-05-17,12.72237,MXN
2010-05-18,12.600306,MXN
2010-05-19,12.931748,MXN
2010-05-20,13.116588,MXN
2010-05-21,12.974514,MXN
2010-05-22,12.9494,MXN
2010-05-23,12.9494,MXN
2010-05-24,12.953511,MXN
2010-05-25,13.146102,MXN
2010-05-26,12.983981,MXN
2010-05-27,12.857284,MXN
2010-05-28,12.864948,MXN
2010-05-29,12.9085,MXN
2010-05-30,12.9085,MXN
2010-05-31,12.917716,MXN
2010-06-01,12.923545,MXN
2010-06-02,12.840469,MXN
2010-06-03,12.756652,MXN
2010-06-04,12.882341,MXN
2010-06-05,12.9511,MXN
2010-06-06,12.9511,MXN
2010-06-07,12.899853,MXN
2010-06-08,12.901917,MXN
2010-06-09,12.800378,MXN
2010-06-10,12.737407,MXN
2010-06-11,12.680188,MXN
2010-06-12,12.6239,MXN
2010-06-13,12.6239,MXN
2010-06-14,12.595803,MXN
2010-06-15,12.578626,MXN
2010-06-16,12.588819,MXN
2010-06-17,12.58524,MXN
2010-06-18,12.544711,MXN
2010-06-19,12.55015,MXN
2010-06-20,12.55015,MXN
2010-06-21,12.457186,MXN
2010-06-22,12.519304,MXN
2010-06-23,12.709565,MXN
2010-06-24,12.690821,MXN
2010-06-25,12.698331,MXN
2010-06-26,12.6791,MXN
2010-06-27,12.6324,MXN
2010-06-28,12.649896,MXN
2010-06-29,12.836649,MXN
2010-06-30,12.829075,MXN
2010-07-01,13.043659,MXN
2010-07-02,13.084154,MXN
2010-07-03,13.0779,MXN
2010-07-04,13.0779,MXN
2010-07-05,13.107128,MXN
2010-07-06,12.93438,MXN
2010-07-07,12.899892,MXN
2010-07-08,12.837875,MXN
2010-07-09,12.783112,MXN
2010-07-10,12.7638,MXN
2010-07-11,12.7638,MXN
2010-07-12,12.829962,MXN
2010-07-13,12.708335,MXN
2010-07-14,12.695942,MXN
2010-07-15,12.763275,MXN
2010-07-16,12.932544,MXN
2010-07-17,12.9218,MXN
2010-07-18,12.9218,MXN
2010-07-19,12.912575,MXN
2010-07-20,12.847163,MXN
2010-07-21,12.779447,MXN
2010-07-22,12.760482,MXN
2010-07-23,12.767679,MXN
2010-07-24,12.730749,MXN
2010-07-25,12.730749,MXN
2010-07-26,12.697249,MXN
2010-07-27,12.658103,MXN
2010-07-28,12.678013,MXN
2010-07-29,12.72653,MXN
2010-07-30,12.646621,MXN
2010-07-31,12.6279,MXN
2010-08-01,12.6445,MXN
2010-08-02,12.57758,MXN
2010-08-03,12.5857,MXN
2010-08-04,12.549608,MXN
2010-08-05,12.539988,MXN
2010-08-06,12.668176,MXN
2010-08-07,12.697,MXN
2010-08-08,12.697,MXN
2010-08-09,12.633912,MXN
2010-08-10,12.692535,MXN
2010-08-11,12.733369,MXN
2010-08-12,12.715813,MXN
2010-08-13,12.72388,MXN
2010-08-14,12.718,MXN
2010-08-15,12.718,MXN
2010-08-16,12.654012,MXN
2010-08-17,12.584117,MXN
2010-08-18,12.597078,MXN
2010-08-19,12.735472,MXN
2010-08-20,12.772977,MXN
2010-08-21,12.755,MXN
2010-08-22,12.755,MXN
2010-08-23,12.876449,MXN
2010-08-24,12.91411,MXN
2010-08-25,13.032248,MXN
2010-08-26,12.97789,MXN
2010-08-27,13.004381,MXN
2010-08-28,13.03695,MXN
2010-08-29,13.03695,MXN
2010-08-30,13.147571,MXN
2010-08-31,13.168165,MXN
2010-09-01,13.042287,MXN
2010-09-02,13.05272,MXN
2010-09-03,12.947084,MXN
2010-09-04,12.9298,MXN
2010-09-05,12.9298,MXN
2010-09-06,12.943382,MXN
2010-09-07,13.06072,MXN
2010-09-08,13.014908,MXN
2010-09-09,12.706,MXN
2010-09-10,12.539988,MXN
2010-09-11,12.299731,MXN
2010-09-12,12.9218,MXN
2010-09-13,12.482536,MXN
2010-09-14,12.211763,MXN
2010-09-15,12.259,MXN
2010-09-16,12.564006,MXN
2010-09-17,12.808582,MXN
2010-09-18,12.7892,MXN
2010-09-19,12.78367,MXN
2010-09-20,12.772398,MXN
2010-09-21,12.76302,MXN
2010-09-22,12.693183,MXN
2010-09-23,12.640442,MXN
2010-09-24,12.55232,MXN
2010-09-25,12.5318,MXN
2010-09-26,12.5318,MXN
2010-09-27,12.517981,MXN
2010-09-28,12.494694,MXN
2010-09-29,12.490224,MXN
2010-09-30,12.630458,MXN
2010-10-01,12.544615,MXN
2010-10-02,12.5204,MXN
2010-10-03,12.5204,MXN
2010-10-04,12.597209,MXN
2010-10-05,12.515126,MXN
2010-10-06,12.482536,MXN
2010-10-07,12.544792,MXN
2010-10-08,12.466559,MXN
2010-10-09,12.4173,MXN
2010-10-10,12.4173,MXN
2010-10-11,12.423151,MXN
2010-10-12,12.427814,MXN
2010-10-13,12.373599,MXN
2010-10-14,12.418273,MXN
2010-10-15,12.418346,MXN
2010-10-16,12.4288,MXN
2010-10-17,12.415,MXN
2010-10-18,12.421494,MXN
2010-10-19,12.466464,MXN
2010-10-20,12.402133,MXN
2010-10-21,12.391744,MXN
2010-10-22,12.401476,MXN
2010-10-23,12.3316,MXN
2010-10-24,12.3316,MXN
2010-10-25,12.327629,MXN
2010-10-26,12.384141,MXN
2010-10-27,12.470055,MXN
2010-10-28,12.406535,MXN
2010-10-29,12.343237,MXN
2010-10-30,12.3403,MXN
2010-10-31,12.3403,MXN
2010-11-01,12.34626,MXN
2010-11-02,12.303353,MXN
2010-11-03,12.29798,MXN
2010-11-04,12.241052,MXN
2010-11-05,12.211763,MXN
2010-11-06,12.1989,MXN
2010-11-07,12.1989,MXN
2010-11-08,12.248168,MXN
2010-11-09,12.217783,MXN
2010-11-10,12.257874,MXN
2010-11-11,12.263788,MXN
2010-11-12,12.269627,MXN
2010-11-13,12.345,MXN
2010-11-14,12.34365,MXN
2010-11-15,12.287587,MXN
2010-11-16,12.450358,MXN
2010-11-17,12.364502,MXN
2010-11-18,12.297741,MXN
2010-11-19,12.300591,MXN
2010-11-20,12.266625,MXN
2010-11-21,12.266625,MXN
2010-11-22,12.302788,MXN
2010-11-23,12.47476,MXN
2010-11-24,12.406288,MXN
2010-11-25,12.37115,MXN
2010-11-26,12.496011,MXN
2010-11-27,12.4782,MXN
2010-11-28,12.4782,MXN
2010-11-29,12.565923,MXN
2010-11-30,12.455485,MXN
2010-12-01,12.370225,MXN
2010-12-02,12.346952,MXN
2010-12-03,12.359035,MXN
2010-12-04,12.3315,MXN
2010-12-05,12.3338,MXN
2010-12-06,12.387803,MXN
2010-12-07,12.425004,MXN
2010-12-08,12.442151,MXN
2010-12-09,12.472666,MXN
2010-12-10,12.456618,MXN
2010-12-11,12.4525,MXN
2010-12-12,12.424,MXN
2010-12-13,12.383474,MXN
2010-12-14,12.36518,MXN
2010-12-15,12.397898,MXN
2010-12-16,12.454264,MXN
2010-12-17,12.429943,MXN
2010-12-18,12.3951,MXN
2010-12-19,12.3951,MXN
2010-12-20,12.413357,MXN
2010-12-21,12.371978,MXN
2010-12-22,12.333077,MXN
2010-12-23,12.335734,MXN
2010-12-24,12.355498,MXN
2010-12-25,12.327,MXN
2010-12-26,12.327,MXN
2010-12-27,12.368131,MXN
2010-12-28,12.364014,MXN
2010-12-29,12.35906,MXN
2010-12-30,12.384138,MXN
2010-12-31,12.342908,MXN
2011-01-01,12.361,MXN
2011-01-02,12.361,MXN
2011-01-03,12.257083,MXN
2011-01-04,12.255199,MXN
2011-01-05,12.194041,MXN
2011-01-06,12.237312,MXN
2011-01-07,12.24223,MXN
2011-01-08,12.2346,MXN
2011-01-09,12.2346,MXN
2011-01-10,12.24379,MXN
2011-01-11,12.183136,MXN
2011-01-12,12.06284,MXN
2011-01-13,12.1115,MXN
2011-01-14,12.060963,MXN
2011-01-15,12.0285,MXN
2011-01-16,12.0285,MXN
2011-01-17,12.024476,MXN
2011-01-18,12.044126,MXN
2011-01-19,12.069231,MXN
2011-01-20,12.080545,MXN
2011-01-21,12.058961,MXN
2011-01-22,12.0543,MXN
2011-01-23,12.0543,MXN
2011-01-24,12.043434,MXN
2011-01-25,12.085463,MXN
2011-01-26,12.038825,MXN
2011-01-27,12.043023,MXN
2011-01-28,12.141669,MXN
2011-01-29,12.2005,MXN
2011-01-30,12.2005,MXN
2011-01-31,12.156243,MXN
2011-02-01,12.00213,MXN
2011-02-02,12.032504,MXN
2011-02-03,12.039683,MXN
2011-02-04,11.998302,MXN
2011-02-05,11.9816,MXN
2011-02-06,11.9816,MXN
2011-02-07,11.973192,MXN
2011-02-08,11.986695,MXN
2011-02-09,12.056875,MXN
2011-02-10,12.078769,MXN
2011-02-11,12.068893,MXN
2011-02-12,12.0233,MXN
2011-02-13,12.0233,MXN
2011-02-14,12.045562,MXN
2011-02-15,12.133403,MXN
2011-02-16,12.088569,MXN
2011-02-17,12.045628,MXN
2011-02-18,12.01122,MXN
2011-02-19,12.02685,MXN
2011-02-20,12.02885,MXN
2011-02-21,12.058377,MXN
2011-02-22,12.098814,MXN
2011-02-23,12.182726,MXN
2011-02-24,12.177688,MXN
2011-02-25,12.128036,MXN
2011-02-26,12.1161,MXN
2011-02-27,12.1161,MXN
2011-02-28,12.11396,MXN
2011-03-01,12.088336,MXN
2011-03-02,12.112319,MXN
2011-03-03,12.0469,MXN
2011-03-04,12.00837,MXN
2011-03-05,12.0005,MXN
2011-03-06,12.0005,MXN
2011-03-07,12.032366,MXN
2011-03-08,12.001039,MXN
2011-03-09,11.966119,MXN
2011-03-10,11.961572,MXN
2011-03-11,11.923616,MXN
2011-03-12,11.90635,MXN
2011-03-13,11.902,MXN
2011-03-14,13.2306,MXN
2011-03-15,12.005009,MXN
2011-03-16,13.54687,MXN
2011-03-17,11.683359,MXN
2011-03-18,12.6864,MXN
2011-03-19,13.998189,MXN
2011-03-20,11.998302,MXN
2011-03-21,11.593557,MXN
2011-03-22,11.988689,MXN
2011-03-23,12.006007,MXN
2011-03-24,11.954644,MXN
2011-03-25,11.932423,MXN
2011-03-26,11.9884,MXN
2011-03-27,11.9884,MXN
2011-03-28,11.959586,MXN
2011-03-29,11.967324,MXN
2011-03-30,11.92232,MXN
2011-03-31,11.918057,MXN
2011-04-01,11.832487,MXN
2011-04-02,11.8358,MXN
2011-04-03,11.8358,MXN
2011-04-04,11.855873,MXN
2011-04-05,11.826196,MXN
2011-04-06,11.787077,MXN
2011-04-07,11.796511,MXN
2011-04-08,11.747001,MXN
2011-04-09,11.7194,MXN
2011-04-10,11.7194,MXN
2011-04-11,11.742706,MXN
2011-04-12,11.822709,MXN
2011-04-13,11.799926,MXN
2011-04-14,11.767966,MXN
2011-04-15,11.701704,MXN
2011-04-16,11.6628,MXN
2011-04-17,11.6663,MXN
2011-04-18,11.779141,MXN
2011-04-19,11.697938,MXN
2011-04-20,11.620524,MXN
2011-04-21,11.606669,MXN
2011-04-22,11.604603,MXN
2011-04-23,11.61145,MXN
2011-04-24,11.608,MXN
2011-04-25,11.61842,MXN
2011-04-26,11.576171,MXN
2011-04-27,11.593557,MXN
2011-04-28,11.548994,MXN
2011-04-29,11.52399,MXN
2011-04-30,11.4841,MXN
2011-05-01,11.4841,MXN
2011-05-02,11.50579,MXN
2011-05-03,11.557688,MXN
2011-05-04,11.637785,MXN
2011-05-05,11.691966,MXN
2011-05-06,11.588257,MXN
2011-05-07,11.6337,MXN
2011-05-08,11.6337,MXN
2011-05-09,11.629969,MXN
2011-05-10,11.590916,MXN
2011-05-11,11.605272,MXN
2011-05-12,11.671453,MXN
2011-05-13,11.741563,MXN
2011-05-14,11.7243,MXN
2011-05-15,11.7243,MXN
2011-05-16,11.724229,MXN
2011-05-17,11.768902,MXN
2011-05-18,11.718887,MXN
2011-05-19,11.673263,MXN
2011-05-20,11.655921,MXN
2011-05-21,11.638,MXN
2011-05-22,11.638,MXN
2011-05-23,11.732079,MXN
2011-05-24,11.698938,MXN
2011-05-25,11.683359,MXN
2011-05-26,11.691405,MXN
2011-05-27,11.612122,MXN
2011-05-28,11.6006,MXN
2011-05-29,11.60365,MXN
2011-05-30,11.610552,MXN
2011-05-31,11.580229,MXN
2011-06-01,11.634997,MXN
2011-06-02,11.683515,MXN
2011-06-03,11.659207,MXN
2011-06-04,11.66,MXN
2011-06-05,11.66,MXN
2011-06-06,11.694158,MXN
2011-06-07,11.739982,MXN
2011-06-08,11.79366,MXN
2011-06-09,11.780421,MXN
2011-06-10,11.867203,MXN
2011-06-11,11.8899,MXN
2011-06-12,11.8899,MXN
2011-06-13,11.876441,MXN
2011-06-14,11.80003,MXN
2011-06-15,11.882536,MXN
2011-06-16,11.97339,MXN
2011-06-17,11.903072,MXN
2011-06-18,11.9025,MXN
2011-06-19,11.9025,MXN
2011-06-20,11.885863,MXN
2011-06-21,11.809083,MXN
2011-06-22,11.780565,MXN
2011-06-23,11.874681,MXN
2011-06-24,11.886155,MXN
2011-06-25,11.85755,MXN
2011-06-26,11.85,MXN
2011-06-27,11.897113,MXN
2011-06-28,11.83806,MXN
2011-06-29,11.767093,MXN
2011-06-30,11.721378,MXN
2011-07-01,11.626211,MXN
2011-07-02,11.6056,MXN
2011-07-03,11.6056,MXN
2011-07-04,11.582127,MXN
2011-07-05,11.6235,MXN
2011-07-06,11.636877,MXN
2011-07-07,11.573496,MXN
2011-07-08,11.630469,MXN
2011-07-09,11.624,MXN
2011-07-10,11.624,MXN
2011-07-11,11.725199,MXN
2011-07-12,11.79113,MXN
2011-07-13,11.714266,MXN
2011-07-14,11.710429,MXN
2011-07-15,11.713658,MXN
2011-07-16,11.7366,MXN
2011-07-17,11.7366,MXN
2011-07-18,11.800603,MXN
2011-07-19,11.704992,MXN
2011-07-20,11.669798,MXN
2011-07-21,11.620106,MXN
2011-07-22,11.624817,MXN
2011-07-23,11.635,MXN
2011-07-24,11.635,MXN
2011-07-25,11.663381,MXN
2011-07-26,11.620586,MXN
2011-07-27,11.654046,MXN
2011-07-28,11.674111,MXN
2011-07-29,11.723118,MXN
2011-07-30,11.745,MXN
2011-07-31,11.745,MXN
2011-08-01,11.752188,MXN
2011-08-02,11.767319,MXN
2011-08-03,11.835103,MXN
2011-08-04,12.013671,MXN
2011-08-05,12.044007,MXN
2011-08-06,11.9906,MXN
2011-08-07,11.9906,MXN
2011-08-08,12.045562,MXN
2011-08-09,12.078769,MXN
2011-08-10,13.834446,MXN
2011-08-11,13.615002,MXN
2011-08-12,13.863587,MXN
2011-08-13,12.541102,MXN
2011-08-14,11.612122,MXN
2011-08-15,11.60365,MXN
2011-08-16,11.767966,MXN
2011-08-17,12.189167,MXN
2011-08-18,12.356848,MXN
2011-08-19,12.242412,MXN
2011-08-20,12.2907,MXN
2011-08-21,12.2907,MXN
2011-08-22,12.326552,MXN
2011-08-23,12.316208,MXN
2011-08-24,12.424827,MXN
2011-08-25,12.412073,MXN
2011-08-26,12.472303,MXN
2011-08-27,12.4575,MXN
2011-08-28,12.45755,MXN
2011-08-29,12.415429,MXN
2011-08-30,12.482624,MXN
2011-08-31,12.328224,MXN
2011-09-01,12.255335,MXN
2011-09-02,12.362485,MXN
2011-09-03,12.40825,MXN
2011-09-04,12.40825,MXN
2011-09-05,12.541102,MXN
2011-09-06,12.521413,MXN
2011-09-07,12.471195,MXN
2011-09-08,12.501468,MXN
2011-09-09,12.647002,MXN
2011-09-10,12.6864,MXN
2011-09-11,12.6864,MXN
2011-09-12,12.775109,MXN
2011-09-13,12.938036,MXN
2011-09-14,12.957161,MXN
2011-09-15,12.911424,MXN
2011-09-16,12.965893,MXN
2011-09-17,13.0334,MXN
2011-09-18,13.0334,MXN
2011-09-19,13.185763,MXN
2011-09-20,13.168003,MXN
2011-09-21,13.419633,MXN
2011-09-22,13.867557,MXN
2011-09-23,13.799259,MXN
2011-09-24,13.554,MXN
2011-09-25,13.554,MXN
2011-09-26,13.679875,MXN
2011-09-27,13.338824,MXN
2011-09-28,13.391844,MXN
2011-09-29,13.470221,MXN
2011-09-30,13.770416,MXN
2011-10-01,13.856,MXN
2011-10-02,13.856,MXN
2011-10-03,13.881317,MXN
2011-10-04,13.951351,MXN
2011-10-05,13.669541,MXN
2011-10-06,13.531419,MXN
2011-10-07,13.306798,MXN
2011-10-08,13.46,MXN
2011-10-09,13.46,MXN
2011-10-10,13.273273,MXN
2011-10-11,13.327992,MXN
2011-10-12,13.233111,MXN
2011-10-13,13.363045,MXN
2011-10-14,13.286958,MXN
2011-10-15,13.2306,MXN
2011-10-16,13.2306,MXN
2011-10-17,13.293404,MXN
2011-10-18,13.418655,MXN
2011-10-19,13.379859,MXN
2011-10-20,13.779641,MXN
2011-10-21,13.577271,MXN
2011-10-22,13.6507,MXN
2011-10-23,13.6507,MXN
2011-10-24,13.457756,MXN
2011-10-25,13.444497,MXN
2011-10-26,13.46645,MXN
2011-10-27,13.173312,MXN
2011-10-28,13.109561,MXN
2011-10-29,12.9966,MXN
2011-10-30,12.9966,MXN
2011-10-31,13.172275,MXN
2011-11-01,13.669507,MXN
2011-11-02,13.485381,MXN
2011-11-03,13.422931,MXN
2011-11-04,13.473451,MXN
2011-11-05,13.4762,MXN
2011-11-06,13.49005,MXN
2011-11-07,13.45509,MXN
2011-11-08,13.386094,MXN
2011-11-09,13.49277,MXN
2011-11-10,13.546588,MXN
2011-11-11,13.397915,MXN
2011-11-12,13.415,MXN
2011-11-13,13.415,MXN
2011-11-14,13.488992,MXN
2011-11-15,13.602102,MXN
2011-11-16,13.597692,MXN
2011-11-17,13.633664,MXN
2011-11-18,13.704865,MXN
2011-11-19,13.7193,MXN
2011-11-20,13.72925,MXN
2011-11-21,14.023645,MXN
2011-11-22,13.981187,MXN
2011-11-23,14.135152,MXN
2011-11-24,14.165692,MXN
2011-11-25,14.254794,MXN
2011-11-26,14.2118,MXN
2011-11-27,14.2118,MXN
2011-11-28,14.044577,MXN
2011-11-29,13.931436,MXN
2011-11-30,13.630446,MXN
2011-12-01,13.597227,MXN
2011-12-02,13.54687,MXN
2011-12-03,13.5911,MXN
2011-12-04,13.5911,MXN
2011-12-05,13.49213,MXN
2011-12-06,13.500093,MXN
2011-12-07,13.51492,MXN
2011-12-08,13.688674,MXN
2011-12-09,13.615002,MXN
2011-12-10,13.5641,MXN
2011-12-11,13.5641,MXN
2011-12-12,13.869387,MXN
2011-12-13,13.793875,MXN
2011-12-14,13.938971,MXN
2011-12-15,13.834446,MXN
2011-12-16,13.887741,MXN
2011-12-17,13.8756,MXN
2011-12-18,13.8756,MXN
2011-12-19,13.863587,MXN
2011-12-20,13.790357,MXN
2011-12-21,13.856511,MXN
2011-12-22,13.828984,MXN
2011-12-23,13.81805,MXN
2011-12-24,13.844,MXN
2011-12-25,13.844,MXN
2011-12-26,13.853644,MXN
2011-12-27,13.974077,MXN
2011-12-28,13.998189,MXN
2011-12-29,13.976295,MXN
2011-12-30,13.954353,MXN
2011-12-31,13.9477,MXN
2012-01-01,13.9477,MXN
2012-01-02,13.945074,MXN
2012-01-03,13.676609,MXN
2012-01-04,13.702315,MXN
2012-01-05,13.744516,MXN
2012-01-06,13.719482,MXN
2012-01-07,13.728,MXN
2012-01-08,13.728,MXN
2012-01-09,13.73694,MXN
2012-01-10,13.625893,MXN
2012-01-11,13.652098,MXN
2012-01-12,13.602527,MXN
2012-01-13,13.603518,MXN
2012-01-14,13.5897,MXN
2012-01-15,13.5897,MXN
2012-01-16,13.541076,MXN
2012-01-17,13.461228,MXN
2012-01-18,13.329515,MXN
2012-01-19,13.229269,MXN
2012-01-20,13.233779,MXN
2012-01-21,13.1758,MXN
2012-01-22,13.125166,MXN
2012-01-23,13.148722,MXN
2012-01-24,13.167317,MXN
2012-01-25,13.160897,MXN
2012-01-26,12.947965,MXN
2012-01-27,12.924939,MXN
2012-01-28,12.9061,MXN
2012-01-29,12.9061,MXN
2012-01-30,12.983039,MXN
2012-01-31,13.040771,MXN
2012-02-01,12.858668,MXN
2012-02-02,12.806233,MXN
2012-02-03,12.719943,MXN
2012-02-04,12.6606,MXN
2012-02-05,12.6609,MXN
2012-02-06,12.625357,MXN
2012-02-07,12.632406,MXN
2012-02-08,12.687481,MXN
2012-02-09,12.995777,MXN
2012-02-10,12.9677,MXN
2012-02-11,13.145062,MXN
2012-02-12,13.17343,MXN
2012-02-13,13.995578,MXN
2012-02-14,13.064132,MXN
2012-02-15,12.756256,MXN
2012-02-16,12.847374,MXN
2012-02-17,12.81575,MXN
2012-02-18,12.7548,MXN
2012-02-19,12.7548,MXN
2012-02-20,12.675308,MXN
2012-02-21,12.749194,MXN
2012-02-22,12.831757,MXN
2012-02-23,12.836445,MXN
2012-02-24,12.883883,MXN
2012-02-25,12.904,MXN
2012-02-26,12.90435,MXN
2012-02-27,12.863314,MXN
2012-02-28,12.862456,MXN
2012-02-29,12.795803,MXN
2012-03-01,12.766075,MXN
2012-03-02,12.777662,MXN
2012-03-03,12.76215,MXN
2012-03-04,12.7602,MXN
2012-03-05,12.824934,MXN
2012-03-06,13.022213,MXN
2012-03-07,12.930663,MXN
2012-03-08,12.780878,MXN
2012-03-09,12.629499,MXN
2012-03-10,12.626,MXN
2012-03-11,12.626,MXN
2012-03-12,12.723342,MXN
2012-03-13,12.625788,MXN
2012-03-14,12.681403,MXN
2012-03-15,12.67215,MXN
2012-03-16,12.675565,MXN
2012-03-17,12.6712,MXN
2012-03-18,12.671,MXN
2012-03-19,12.630602,MXN
2012-03-20,12.705157,MXN
2012-03-21,12.698397,MXN
2012-03-22,12.830466,MXN
2012-03-23,12.81337,MXN
2012-03-24,12.7502,MXN
2012-03-25,12.7498,MXN
2012-03-26,12.682508,MXN
2012-03-27,12.658642,MXN
2012-03-28,12.814767,MXN
2012-03-29,12.856176,MXN
2012-03-30,12.814438,MXN
2012-03-31,12.8063,MXN
2012-04-01,12.8063,MXN
2012-04-02,12.755314,MXN
2012-04-03,12.73638,MXN
2012-04-04,12.830107,MXN
2012-04-05,12.833769,MXN
2012-04-06,12.98884,MXN
2012-04-07,12.9877,MXN
2012-04-08,12.9877,MXN
2012-04-09,12.991748,MXN
2012-04-10,13.184352,MXN
2012-04-11,13.161658,MXN
2012-04-12,13.064132,MXN
2012-04-13,13.150541,MXN
2012-04-14,13.15,MXN
2012-04-15,13.15,MXN
2012-04-16,13.226191,MXN
2012-04-17,13.087671,MXN
2012-04-18,13.125166,MXN
2012-04-19,13.225862,MXN
2012-04-20,13.122309,MXN
2012-04-21,13.0858,MXN
2012-04-22,13.0858,MXN
2012-04-23,13.209085,MXN
2012-04-24,13.15743,MXN
2012-04-25,13.171761,MXN
2012-04-26,13.208016,MXN
2012-04-27,12.991811,MXN
2012-04-28,12.9677,MXN
2012-04-29,12.9677,MXN
2012-04-30,12.991366,MXN
2012-05-01,12.888779,MXN
2012-05-02,12.959695,MXN
2012-05-03,12.988577,MXN
2012-05-04,13.163305,MXN
2012-05-05,13.17195,MXN
2012-05-06,12.8063,MXN
2012-05-07,13.918683,MXN
2012-05-08,13.161124,MXN
2012-05-09,12.991366,MXN
2012-05-10,12.6609,MXN
2012-05-11,12.9667,MXN
2012-05-12,13.513,MXN
2012-05-13,13.513,MXN
2012-05-14,13.669187,MXN
2012-05-15,13.728062,MXN
2012-05-16,13.805832,MXN
2012-05-17,13.791886,MXN
2012-05-18,13.831589,MXN
2012-05-19,13.811,MXN
2012-05-20,13.811,MXN
2012-05-21,13.792955,MXN
2012-05-22,13.738668,MXN
2012-05-23,14.036363,MXN
2012-05-24,14.005582,MXN
2012-05-25,14.016043,MXN
2012-05-26,14.02185,MXN
2012-05-27,14.0218,MXN
2012-05-28,13.95223,MXN
2012-05-29,13.934446,MXN
2012-05-30,14.083513,MXN
2012-05-31,14.3055,MXN
2012-06-01,14.374889,MXN
2012-06-02,14.2712,MXN
2012-06-03,14.2712,MXN
2012-06-04,14.243179,MXN
2012-06-05,14.261509,MXN
2012-06-06,14.101374,MXN
2012-06-07,13.958068,MXN
2012-06-08,14.0217,MXN
2012-06-09,13.9273,MXN
2012-06-10,13.92,MXN
2012-06-11,13.978829,MXN
2012-06-12,13.983997,MXN
2012-06-13,13.979401,MXN
2012-06-14,13.995578,MXN
2012-06-15,13.924471,MXN
2012-06-16,13.9288,MXN
2012-06-17,13.92895,MXN
2012-06-18,13.918683,MXN
2012-06-19,13.699151,MXN
2012-06-20,13.728462,MXN
2012-06-21,13.751269,MXN
2012-06-22,13.84814,MXN
2012-06-23,13.8639,MXN
2012-06-24,13.8638,MXN
2012-06-25,13.965898,MXN
2012-06-26,13.851376,MXN
2012-06-27,13.660762,MXN
2012-06-28,13.67042,MXN
2012-06-29,13.413783,MXN
2012-06-30,13.3527,MXN
2012-07-01,13.3285,MXN
2012-07-02,13.381034,MXN
2012-07-03,13.295235,MXN
2012-07-04,13.370995,MXN
2012-07-05,13.347528,MXN
2012-07-06,13.49202,MXN
2012-07-07,13.3892,MXN
2012-07-08,13.3892,MXN
2012-07-09,13.451994,MXN
2012-07-10,13.301799,MXN
2012-07-11,13.327525,MXN
2012-07-12,13.451629,MXN
2012-07-13,13.347547,MXN
2012-07-14,13.291,MXN
2012-07-15,13.291,MXN
2012-07-16,13.271581,MXN
2012-07-17,13.226678,MXN
2012-07-18,13.110964,MXN
2012-07-19,13.201763,MXN
2012-07-20,13.297031,MXN
2012-07-21,13.3634,MXN
2012-07-22,13.3634,MXN
2012-07-23,13.529266,MXN
2012-07-24,13.718392,MXN
2012-07-25,13.665332,MXN
2012-07-26,13.447081,MXN
2012-07-27,13.271537,MXN
2012-07-28,13.23775,MXN
2012-07-29,13.23775,MXN
2012-07-30,13.265409,MXN
2012-07-31,13.268535,MXN
2012-08-01,13.272665,MXN
2012-08-02,13.402842,MXN
2012-08-03,13.117954,MXN
2012-08-04,13.1369,MXN
2012-08-05,13.1268,MXN
2012-08-06,13.064224,MXN
2012-08-07,13.181195,MXN
2012-08-08,13.17343,MXN
2012-08-09,13.126629,MXN
2012-08-10,13.097863,MXN
2012-08-11,13.0851,MXN
2012-08-12,13.08505,MXN
2012-08-13,13.161124,MXN
2012-08-14,13.145062,MXN
2012-08-15,13.151068,MXN
2012-08-16,13.127552,MXN
2012-08-17,13.159821,MXN
2012-08-18,13.12045,MXN
2012-08-19,13.1204,MXN
2012-08-20,13.116418,MXN
2012-08-21,13.107079,MXN
2012-08-22,13.162859,MXN
2012-08-23,13.137426,MXN
2012-08-24,13.174397,MXN
2012-08-25,13.1843,MXN
2012-08-26,13.1843,MXN
2012-08-27,13.174276,MXN
2012-08-28,13.183481,MXN
2012-08-29,13.282431,MXN
2012-08-30,13.393061,MXN
2012-08-31,13.240732,MXN
2012-09-01,13.19075,MXN
2012-09-02,13.19075,MXN
2012-09-03,13.186682,MXN
2012-09-04,13.177422,MXN
2012-09-05,13.108792,MXN
2012-09-06,13.042331,MXN
2012-09-07,12.990935,MXN
2012-09-08,12.9782,MXN
2012-09-09,12.9782,MXN
2012-09-10,12.991767,MXN
2012-09-11,13.00012,MXN
2012-09-12,13.031443,MXN
2012-09-13,12.985375,MXN
2012-09-14,12.744079,MXN
2012-09-15,12.71525,MXN
2012-09-16,12.71525,MXN
2012-09-17,12.742978,MXN
2012-09-18,12.813934,MXN
2012-09-19,12.831536,MXN
2012-09-20,12.905852,MXN
2012-09-21,12.830227,MXN
2012-09-22,12.866,MXN
2012-09-23,12.866,MXN
2012-09-24,12.909782,MXN
2012-09-25,12.821473,MXN
2012-09-26,12.920747,MXN
2012-09-27,12.847285,MXN
2012-09-28,12.864856,MXN
2012-09-29,12.8641,MXN
2012-09-30,12.8641,MXN
2012-10-01,12.815119,MXN
2012-10-02,12.847579,MXN
2012-10-03,12.850375,MXN
2012-10-04,12.757616,MXN
2012-10-05,12.70326,MXN
2012-10-06,12.80405,MXN
2012-10-07,12.80405,MXN
2012-10-08,12.840618,MXN
2012-10-09,12.886942,MXN
2012-10-10,12.928615,MXN
2012-10-11,12.890111,MXN
2012-10-12,12.895773,MXN
2012-10-13,12.85955,MXN
2012-10-14,12.85955,MXN
2012-10-15,12.817097,MXN
2012-10-16,12.809858,MXN
2012-10-17,12.801892,MXN
2012-10-18,12.828638,MXN
2012-10-19,12.866962,MXN
2012-10-20,12.90555,MXN
2012-10-21,12.8892,MXN
2012-10-22,12.860446,MXN
2012-10-23,12.982971,MXN
2012-10-24,12.996682,MXN
2012-10-25,12.983903,MXN
2012-10-26,13.023676,MXN
2012-10-27,12.9952,MXN
2012-10-28,12.9952,MXN
2012-10-29,13.091496,MXN
2012-10-30,13.047247,MXN
2012-10-31,14.036363,MXN
2012-11-01,13.037939,MXN
2012-11-02,13.702315,MXN
2012-11-03,13.192941,MXN
2012-11-04,13.2015,MXN
2012-11-05,13.660762,MXN
2012-11-06,13.0858,MXN
2012-11-07,13.06146,MXN
2012-11-08,13.116924,MXN
2012-11-09,13.177662,MXN
2012-11-10,13.2015,MXN
2012-11-11,13.2015,MXN
2012-11-12,13.1896,MXN
2012-11-13,13.217899,MXN
2012-11-14,13.226108,MXN
2012-11-15,13.257994,MXN
2012-11-16,13.192941,MXN
2012-11-17,13.13155,MXN
2012-11-18,13.1453,MXN
2012-11-19,13.060301,MXN
2012-11-20,13.014088,MXN
2012-11-21,13.05155,MXN
2012-11-22,13.016952,MXN
2012-11-23,12.983467,MXN
2012-11-24,12.96235,MXN
2012-11-25,12.9623,MXN
2012-11-26,13.002547,MXN
2012-11-27,12.976097,MXN
2012-11-28,13.028263,MXN
2012-11-29,12.984057,MXN
2012-11-30,12.920684,MXN
2012-12-01,12.96165,MXN
2012-12-02,12.9667,MXN
2012-12-03,12.92639,MXN
2012-12-04,12.964024,MXN
2012-12-05,12.929495,MXN
2012-12-06,12.90794,MXN
2012-12-07,12.848068,MXN
2012-12-08,12.8429,MXN
2012-12-09,12.8429,MXN
2012-12-10,12.799903,MXN
2012-12-11,12.756483,MXN
2012-12-12,12.733595,MXN
2012-12-13,12.80341,MXN
2012-12-14,12.777793,MXN
2012-12-15,12.7477,MXN
2012-12-16,12.74595,MXN
2012-12-17,12.756399,MXN
2012-12-18,12.720864,MXN
2012-12-19,12.730049,MXN
2012-12-20,12.777766,MXN
2012-12-21,12.933167,MXN
2012-12-22,12.92735,MXN
2012-12-23,12.92735,MXN
2012-12-24,12.986931,MXN
2012-12-25,12.995777,MXN
2012-12-26,13.010709,MXN
2012-12-27,13.013446,MXN
2012-12-28,12.988802,MXN
2012-12-29,13.02565,MXN
2012-12-30,13.027,MXN
2012-12-31,12.964796,MXN
2013-01-01,12.852435,MXN
2013-01-02,12.760704,MXN
2013-01-03,12.747042,MXN
2013-01-04,12.748522,MXN
2013-01-05,12.7422,MXN
2013-01-06,12.73945,MXN
2013-01-07,12.7222,MXN
2013-01-08,12.789343,MXN
2013-01-09,12.746957,MXN
2013-01-10,12.645494,MXN
2013-01-11,12.657597,MXN
2013-01-12,12.65295,MXN
2013-01-13,12.65315,MXN
2013-01-14,12.636539,MXN
2013-01-15,12.647841,MXN
2013-01-16,12.630979,MXN
2013-01-17,12.586194,MXN
2013-01-18,12.660369,MXN
2013-01-19,12.66815,MXN
2013-01-20,12.66805,MXN
2013-01-21,12.700582,MXN
2013-01-22,12.676191,MXN
2013-01-23,12.659015,MXN
2013-01-24,12.620816,MXN
2013-01-25,12.700785,MXN
2013-01-26,12.7056,MXN
2013-01-27,12.7055,MXN
2013-01-28,12.773456,MXN
2013-01-29,12.693104,MXN
2013-01-30,12.75032,MXN
2013-01-31,12.735921,MXN
2013-02-01,12.636138,MXN
2013-02-02,12.6055,MXN
2013-02-03,12.60185,MXN
2013-02-04,12.712473,MXN
2013-02-05,12.626269,MXN
2013-02-06,12.671204,MXN
2013-02-07,12.739026,MXN
2013-02-08,12.727579,MXN
2013-02-09,12.7405,MXN
2013-02-10,12.7222,MXN
2013-02-11,12.752979,MXN
2013-02-12,12.734055,MXN
2013-02-13,12.724487,MXN
2013-02-14,12.696705,MXN
2013-02-15,12.687945,MXN
2013-02-16,12.68775,MXN
2013-02-17,12.6936,MXN
2013-02-18,12.693701,MXN
2013-02-19,12.671792,MXN
2013-02-20,12.68487,MXN
2013-02-21,12.759858,MXN
2013-02-22,12.748007,MXN
2013-02-23,12.706,MXN
2013-02-24,12.70635,MXN
2013-02-25,12.733372,MXN
2013-02-26,12.876053,MXN
2013-02-27,12.822699,MXN
2013-02-28,12.778539,MXN
2013-03-01,12.804295,MXN
2013-03-02,12.75925,MXN
2013-03-03,12.75925,MXN
2013-03-04,12.771198,MXN
2013-03-05,12.740727,MXN
2013-03-06,12.739785,MXN
2013-03-07,12.78634,MXN
2013-03-08,12.656186,MXN
2013-03-09,12.62735,MXN
2013-03-10,12.6278,MXN
2013-03-11,12.542902,MXN
2013-03-12,12.449095,MXN
2013-03-13,12.395238,MXN
2013-03-14,12.456718,MXN
2013-03-15,12.436171,MXN
2013-03-16,12.43375,MXN
2013-03-17,12.43375,MXN
2013-03-18,12.431161,MXN
2013-03-19,12.352,MXN
2013-03-20,12.66805,MXN
2013-03-21,12.363535,MXN
2013-03-22,12.371584,MXN
2013-03-23,12.352,MXN
2013-03-24,12.352,MXN
2013-03-25,12.359377,MXN
2013-03-26,12.34072,MXN
2013-03-27,12.3782,MXN
2013-03-28,12.325313,MXN
2013-03-29,12.31628,MXN
2013-03-30,12.3135,MXN
2013-03-31,12.3135,MXN
2013-04-01,12.341099,MXN

